,101,Rok,Cislo,Strana,URL
0,1580173,1919,334.0,3.0,https://www.ndk.cz/view/uuid:269bf680-61e6-11dc-8995-000d606f5dc6?page=uuid:bcf99f92-df78-4f09-a5c1-cf887f470cae
1,1588811,1919,334.0,3.0,https://www.ndk.cz/view/uuid:269bf680-61e6-11dc-8995-000d606f5dc6?page=uuid:bcf99f92-df78-4f09-a5c1-cf887f470cae
2,1580212,1938,600.0,2.0,https://www.ndk.cz/view/uuid:db9eba50-75c6-11dd-a482-000d606f5dc6?page=uuid:43f2c348-97ea-446d-a317-fca6e1de976a
3,1580306,1918,179.0,1.0,https://www.ndk.cz/view/uuid:25746670-61e6-11dc-b0c1-000d606f5dc6?page=uuid:3a69ed52-88e3-4eef-a12a-6aab70d65093
4,1580336,1941,176.0,9.0,https://www.ndk.cz/view/uuid:cff8a310-6f53-11dd-b0bb-000d606f5dc6?page=uuid:46f45df9-3201-48bc-b8be-55883acd011a
5,1580366,1936,175.0,2.0,https://www.ndk.cz/view/uuid:60013ba0-2d75-11dd-b402-000d606f5dc6?page=uuid:0096da3a-0b9f-49f5-b518-91fdda53d367
6,1580376,1938,577.0,5.0,https://www.ndk.cz/view/uuid:27643ea0-75be-11dd-a011-000d606f5dc6?page=uuid:2dac914b-a607-45e7-8a96-151b745a6e98
7,1580393,1941,33.0,9.0,https://www.ndk.cz/view/uuid:7ab519d0-493b-11dd-a730-000d606f5dc6?page=uuid:fdfe7799-7279-4caf-9dd0-56ce30985167
8,1580827,1938,477.0,10.0,https://www.ndk.cz/view/uuid:8d42ada0-7aa6-11dd-8fdc-000d606f5dc6?page=uuid:3bc97216-51dd-4ade-8e45-c186b9d49aa9
9,1581039,1909,35.0,1.0,https://www.ndk.cz/view/uuid:c104a6f7-435d-11dd-b505-00145e5790ea?page=uuid:0e9b195c-fedb-418b-b90c-e37e12a61c33
10,1581718,1909,173.0,3.0,https://www.ndk.cz/view/uuid:c0efbfbb-435d-11dd-b505-00145e5790ea?page=uuid:3a3dc0d5-0c7d-42d2-9968-2f408f15f074
11,1597535,1909,173.0,3.0,https://www.ndk.cz/view/uuid:c0efbfbb-435d-11dd-b505-00145e5790ea?page=uuid:3a3dc0d5-0c7d-42d2-9968-2f408f15f074
12,1581815,1941,401.0,3.0,https://www.ndk.cz/view/uuid:b0543bf0-69f4-11dd-b24a-000d606f5dc6?page=uuid:ce559604-e8dd-4bc4-a02b-c15294352615
13,1582169,1943,297.0,7.0,https://www.ndk.cz/view/uuid:a0de91c0-752a-11dd-a3bd-000d606f5dc6?page=uuid:319d97be-27ab-4b99-85fa-b28d92dbf061
14,1626703,1943,297.0,7.0,https://www.ndk.cz/view/uuid:a0de91c0-752a-11dd-a3bd-000d606f5dc6?page=uuid:319d97be-27ab-4b99-85fa-b28d92dbf061
15,1582227,1937,303.0,7.0,https://www.ndk.cz/view/uuid:10fefd50-370a-11dd-8b07-000d606f5dc6?page=uuid:953156af-cd99-42fd-988d-9e9c4b72f42b
16,1582230,1941,621.0,9.0,https://www.ndk.cz/view/uuid:0a99d600-6a1e-11dd-b8b9-000d606f5dc6?page=uuid:a05e6ef3-504f-4241-b83f-e77f11d00ab5
17,1582230,1941,621.0,9.0,https://www.ndk.cz/view/uuid:293b53e0-6a1e-11dd-8ebb-000d606f5dc6?page=uuid:7044f355-925e-4dd8-9168-d0aec3b8dda6
18,1582516,1943,1.0,2.0,https://www.ndk.cz/view/uuid:3b98c400-6df7-11dd-8cc4-000d606f5dc6?page=uuid:079f1865-18ac-4980-97d5-27ff09cb2b30
19,1582690,1935,259.0,9.0,https://www.ndk.cz/view/uuid:8f8be260-2688-11dd-bd18-000d606f5dc6?page=uuid:6d33f014-0040-4f4f-aa68-f50ca18065d7
20,1582694,1938,379.0,7.0,https://www.ndk.cz/view/uuid:76715a70-48df-11dd-b2f8-000d606f5dc6?page=uuid:3b18d052-056d-46a7-937a-43b4dc6eafe4
21,1590420,1938,379.0,7.0,https://www.ndk.cz/view/uuid:76715a70-48df-11dd-b2f8-000d606f5dc6?page=uuid:3b18d052-056d-46a7-937a-43b4dc6eafe4
22,1582822,1939,318.0,9.0,https://www.ndk.cz/view/uuid:a8fe5900-533b-11dd-b3fd-000d606f5dc6?page=uuid:1c24600c-4c96-4240-971a-4c4c6fd801bb
23,1629357,1939,318.0,9.0,https://www.ndk.cz/view/uuid:a8fe5900-533b-11dd-b3fd-000d606f5dc6?page=uuid:1c24600c-4c96-4240-971a-4c4c6fd801bb
24,1583096,1919,36.0,1.0,https://www.ndk.cz/view/uuid:267f6dd0-61e6-11dc-9199-000d606f5dc6?page=uuid:024cd3c6-8006-407e-9805-a04c407599e8
25,1583215,1909,85.0,2.0,https://www.ndk.cz/view/uuid:c0fc1bbc-435d-11dd-b505-00145e5790ea?page=uuid:016998f1-1ae6-42b6-9922-8a04415fd1b4
26,1583217,1909,112.0,1.0,https://www.ndk.cz/view/uuid:c0fa6ddd-435d-11dd-b505-00145e5790ea?page=uuid:a4d735c7-a0fb-4ade-8a9c-7664dd14c6e3
27,1583959,1925,32.0,2.0,https://www.ndk.cz/view/uuid:3a410ad0-8c6c-11dc-a7da-000d606f5dc6?page=uuid:b2fe7e70-f8b2-4960-a8b5-a761f796678a
28,1583973,1909,15.0,6.0,https://www.ndk.cz/view/uuid:c10829ab-435d-11dd-b505-00145e5790ea?page=uuid:7fc7d5b2-d440-4892-9bef-dda74888f704
29,1583993,1942,188.0,10.0,https://www.ndk.cz/view/uuid:da1a4cc0-7a72-11dd-b487-000d606f5dc6?page=uuid:d87c5fe9-d89d-4049-9050-2786c01a401e
30,1584059,1936,612.0,9.0,https://www.ndk.cz/view/uuid:51c896d0-3330-11dd-b6ff-000d606f5dc6?page=uuid:0cee91bc-a103-4bde-bd2e-cec7904b7285
31,1584170,1919,287.0,2.0,https://www.ndk.cz/view/uuid:25e6d750-61e6-11dc-b7d0-000d606f5dc6?page=uuid:4547b8eb-a003-469f-9af5-bbcc5d48369f
32,1592345,1919,287.0,2.0,https://www.ndk.cz/view/uuid:25e6d750-61e6-11dc-b7d0-000d606f5dc6?page=uuid:4547b8eb-a003-469f-9af5-bbcc5d48369f
33,1584180,1939,533.0,10.0,https://www.ndk.cz/view/uuid:0ed0f700-53d8-11dd-90a4-000d606f5dc6?page=uuid:bbde5449-7d14-406b-bf55-f3f97fb76710
34,1584419,1938,271.0,5.0,https://www.ndk.cz/view/uuid:736f78c0-83fe-11dd-81da-000d606f5dc6?page=uuid:061e687c-3ea4-47d5-b294-a861464326b0
35,1584468,1941,618.0,1.0,https://www.ndk.cz/view/uuid:6a9bb200-6a1c-11dd-ab44-000d606f5dc6?page=uuid:05c424cd-1b8c-4c17-a4ff-d9c4b319b8ec
36,1584475,1941,322.0,9.0,https://www.ndk.cz/view/uuid:23ec1700-6deb-11dd-826b-000d606f5dc6?page=uuid:35f69f42-ea5e-4e11-8d4c-598f8a8619d5
37,1631572,1941,322.0,9.0,https://www.ndk.cz/view/uuid:23ec1700-6deb-11dd-826b-000d606f5dc6?page=uuid:35f69f42-ea5e-4e11-8d4c-598f8a8619d5
38,1584681,1939,465.0,2.0,https://www.ndk.cz/view/uuid:0ea44d40-53ce-11dd-9217-000d606f5dc6?page=uuid:a9407e56-0ada-4a57-a6f0-745bd0a94271
39,1638827,1939,465.0,2.0,https://www.ndk.cz/view/uuid:0ea44d40-53ce-11dd-9217-000d606f5dc6?page=uuid:a9407e56-0ada-4a57-a6f0-745bd0a94271
40,1585151,1903,24.0,3.0,https://www.ndk.cz/view/uuid:b7a4c069-435d-11dd-b505-00145e5790ea?page=uuid:0f18499d-f8be-4de7-8a5a-1c8725568304
41,1585632,1917,1.0,4.0,https://www.ndk.cz/view/uuid:f7e17920-5d2e-11dc-98e2-0013e6840575?page=uuid:3d3d214e-b790-49c8-87c7-5760ce906394
42,1585833,1943,187.0,9.0,https://www.ndk.cz/view/uuid:76b65830-735c-11dd-9c00-000d606f5dc6?page=uuid:40c338a9-05b5-4c0f-b591-1a252f0afd30
43,1585833,1943,187.0,9.0,https://www.ndk.cz/view/uuid:546e8ea0-735c-11dd-816a-000d606f5dc6?page=uuid:6bca278f-4b63-4e6c-a6db-387395e42c61
44,1585944,1909,226.0,7.0,https://www.ndk.cz/view/uuid:c0ec8b1e-435d-11dd-b505-00145e5790ea?page=uuid:0fa1a981-8be1-4796-b590-efb11ae8e811
45,1585978,1909,113.0,2.0,https://www.ndk.cz/view/uuid:c0fa94f0-435d-11dd-b505-00145e5790ea?page=uuid:50bf6da5-a63a-453d-817a-fbd7848cfc2e
46,1585980,1940,469.0,7.0,https://www.ndk.cz/view/uuid:cd3328b0-5821-11dd-b337-000d606f5dc6?page=uuid:b7eefdbf-ff26-4543-a517-edca3aede47f
47,1586053,1943,318.0,7.0,https://www.ndk.cz/view/uuid:6170d660-6f4e-11dd-99b7-000d606f5dc6?page=uuid:df4c50bf-cc90-47fa-b0d8-e1ed2d1eeea5
48,1586053,1943,318.0,7.0,https://www.ndk.cz/view/uuid:98d7e1c0-6f4e-11dd-9557-000d606f5dc6?page=uuid:09de805c-3abf-4001-9a47-bcba24d6c79b
49,1593508,1943,318.0,7.0,https://www.ndk.cz/view/uuid:6170d660-6f4e-11dd-99b7-000d606f5dc6?page=uuid:df4c50bf-cc90-47fa-b0d8-e1ed2d1eeea5
50,1593508,1943,318.0,7.0,https://www.ndk.cz/view/uuid:98d7e1c0-6f4e-11dd-9557-000d606f5dc6?page=uuid:09de805c-3abf-4001-9a47-bcba24d6c79b
51,1586165,1918,11.0,2.0,https://www.ndk.cz/view/uuid:25386ee0-61e6-11dc-93b0-000d606f5dc6?page=uuid:f8e41ed6-dcdb-4759-b60d-64ecc889ab6c
52,1586400,1941,615.0,3.0,https://www.ndk.cz/view/uuid:5afa5780-6a1b-11dd-a8e7-000d606f5dc6?page=uuid:9071cd0f-79d0-4b3b-b2ec-a9a284944757
53,1586402,1941,441.0,10.0,https://www.ndk.cz/view/uuid:e68975b0-6a02-11dd-a4fc-000d606f5dc6?page=uuid:13a8fe9f-722e-4fd2-bad8-e2bff3715987
54,1586421,1938,316.0,6.0,https://www.ndk.cz/view/uuid:4ea839d0-840a-11dd-abd2-000d606f5dc6?page=uuid:ceadc580-2b86-4d05-869a-d21f2474fdf9
55,1586422,1938,306.0,2.0,https://www.ndk.cz/view/uuid:45c334f0-8356-11dd-b286-000d606f5dc6?page=uuid:6188d353-dbb4-4d15-b3a8-91475c330c8c
56,1586425,1939,634.0,4.0,https://www.ndk.cz/view/uuid:f268f3c0-53ea-11dd-8391-000d606f5dc6?page=uuid:2c9aa0a9-d473-443e-9b09-ac86f5df6c5c
57,1586459,1935,109.0,7.0,https://www.ndk.cz/view/uuid:ce170640-1c5b-11dd-a49c-000d606f5dc6?page=uuid:87fa48ec-f2e5-44bd-9534-7ab8ceb93341
58,1586841,1945,3.0,3.0,https://www.ndk.cz/view/uuid:c90f3610-63e9-11dd-920f-000d606f5dc6?page=uuid:acfcf65e-742a-430e-9eef-8cacfc3b5d65
59,1586872,1933,103.0,7.0,https://www.ndk.cz/view/uuid:df8a73f0-e6ee-11dc-8b23-000d606f5dc6?page=uuid:2f4eaee5-a961-406c-8dab-69f71173deb5
60,1586936,1940,79.0,9.0,https://www.ndk.cz/view/uuid:b884b150-5735-11dd-94ab-000d606f5dc6?page=uuid:5c63cdc1-e6db-4d32-a00c-fca6048911d4
61,1586952,1941,96.0,1.0,https://www.ndk.cz/view/uuid:c97980d0-49e3-11dd-ab3d-000d606f5dc6?page=uuid:ea743192-b2be-4bfa-bcd6-6044fe5688ab
62,1586994,1925,1.0,1.0,https://www.ndk.cz/view/uuid:de155f20-82e0-11dc-a91f-000d606f5dc6?page=uuid:f3e43889-e7c1-433e-bc4c-de396cc5123f
63,1586998,1901,18.0,2.0,https://www.ndk.cz/view/uuid:b8746c80-435d-11dd-b505-00145e5790ea?page=uuid:2c372952-121e-45b6-8776-2b290419a794
64,1587013,1939,555.0,9.0,https://www.ndk.cz/view/uuid:3260c890-53e6-11dd-845f-000d606f5dc6?page=uuid:aeb39010-13b2-4a0d-8f04-23bb50333d48
65,1587132,1935,101.0,2.0,https://www.ndk.cz/view/uuid:be8751b0-20bd-11dd-997b-000d606f5dc6?page=uuid:b45a32d5-c0f0-4db6-94ff-fd986ed24af8
66,1587141,1937,36.0,5.0,https://www.ndk.cz/view/uuid:6aa9f9c0-2cda-11dd-b32a-000d606f5dc6?page=uuid:3e88be21-8585-434b-894d-fc1fec3d1e3d
67,1587143,1937,217.0,2.0,https://www.ndk.cz/view/uuid:61b40460-3099-11dd-a204-000d606f5dc6?page=uuid:6fbf13b7-de1f-4c58-acf2-3ebf2c14a2c5
68,1587152,1945,74.0,2.0,https://www.ndk.cz/view/uuid:b769f770-63f7-11dd-a214-000d606f5dc6?page=uuid:265fed96-f578-471f-b41a-869ad318d68c
69,1587170,1936,565.0,1.0,https://www.ndk.cz/view/uuid:ce332690-3411-11dd-a4c1-000d606f5dc6?page=uuid:e06a5b73-a5aa-4868-8e97-676ddcddb8c1
70,1587176,1936,367.0,4.0,https://www.ndk.cz/view/uuid:efde9e40-30de-11dd-9104-000d606f5dc6?page=uuid:0a7237b2-83c0-4950-8ba9-6c70f77c6b19
71,1587288,1918,10.0,3.0,https://www.ndk.cz/view/uuid:25386ee0-61e6-11dc-b3a1-000d606f5dc6?page=uuid:eb79d590-eaed-44fe-bb94-e571e15a08a8
72,1587289,1933,569.0,2.0,https://www.ndk.cz/view/uuid:da269960-fc9d-11dc-85c2-000d606f5dc6?page=uuid:f339e0be-6f21-4764-8448-152d4149eb4c
73,1587296,1935,616.0,6.0,https://www.ndk.cz/view/uuid:a975c340-2696-11dd-851f-000d606f5dc6?page=uuid:2f4cf4f0-6f5f-4e1d-946a-5cac6f81bf1d
74,1587308,1935,498.0,3.0,https://www.ndk.cz/view/uuid:cc31c060-25af-11dd-add9-000d606f5dc6?page=uuid:6c8e2d88-1262-4b74-879a-b8fc2139d91d
75,1590334,1935,498.0,3.0,https://www.ndk.cz/view/uuid:cc31c060-25af-11dd-add9-000d606f5dc6?page=uuid:6c8e2d88-1262-4b74-879a-b8fc2139d91d
76,1587848,1918,221.0,1.0,https://www.ndk.cz/view/uuid:25802640-61e6-11dc-bf4e-000d606f5dc6?page=uuid:87d7f81a-7e70-4e1b-b02f-8b92131dc249
77,1588057,1909,33.0,2.0,https://www.ndk.cz/view/uuid:c10480e2-435d-11dd-b505-00145e5790ea?page=uuid:a9b3e954-6a81-4eb1-aa30-69a19419ba6f
78,1588105,1935,592.0,3.0,https://www.ndk.cz/view/uuid:135cb9a0-2686-11dd-99bc-000d606f5dc6?page=uuid:c776e210-8fcb-48a2-910d-16d3c908c744
79,1588146,1919,78.0,1.0,https://www.ndk.cz/view/uuid:268205e0-61e6-11dc-8422-000d606f5dc6?page=uuid:7e51ec0d-807d-4975-8269-609a76db1dc9
80,1588199,1925,45.0,1.0,https://www.ndk.cz/view/uuid:59cef240-8c71-11dc-a6aa-000d606f5dc6?page=uuid:c941cdfd-22d4-4010-86f6-b70daf6c40f9
81,1588203,1925,356.0,2.0,https://www.ndk.cz/view/uuid:e0af3670-865a-11dc-91f7-000d606f5dc6?page=uuid:b3dd727e-e707-47e9-9dd2-c5e8ead71168
82,1588617,1919,257.0,3.0,https://www.ndk.cz/view/uuid:25daa250-61e6-11dc-8af2-000d606f5dc6?page=uuid:5b2abab6-f41b-46e1-9e7e-acc7323cb984
83,1588805,1938,348.0,7.0,https://www.ndk.cz/view/uuid:e7c1fb30-48d0-11dd-b080-000d606f5dc6?page=uuid:dd2aad38-5e38-4c15-b7ab-edeb95152d12
84,1588901,1919,228.0,3.0,https://www.ndk.cz/view/uuid:263a4e80-61e6-11dc-8f5b-000d606f5dc6?page=uuid:9f7b7efd-cfb0-4e75-954c-04b5970bb254
85,1588902,1919,329.0,1.0,https://www.ndk.cz/view/uuid:269bf680-61e6-11dc-8de3-000d606f5dc6?page=uuid:6f4e5f51-37d4-4eef-adc6-7ae6c1353981
86,1588902,1919,329.0,1.0,https://www.ndk.cz/view/uuid:269bf680-61e6-11dc-827b-000d606f5dc6?page=uuid:938f6f3c-ead5-42ae-bbba-7174ecb14ab9
87,1589779,1919,329.0,1.0,https://www.ndk.cz/view/uuid:269bf680-61e6-11dc-8de3-000d606f5dc6?page=uuid:6f4e5f51-37d4-4eef-adc6-7ae6c1353981
88,1589779,1919,329.0,1.0,https://www.ndk.cz/view/uuid:269bf680-61e6-11dc-827b-000d606f5dc6?page=uuid:938f6f3c-ead5-42ae-bbba-7174ecb14ab9
89,1588903,1919,328.0,3.0,https://www.ndk.cz/view/uuid:269bf680-61e6-11dc-8d5b-000d606f5dc6?page=uuid:4783a7e3-a7d5-4b7c-b1ef-a8fa5fa0d07f
90,1589011,1935,526.0,7.0,https://www.ndk.cz/view/uuid:fe90f270-25ea-11dd-b3cf-000d606f5dc6?page=uuid:06572cf6-e5ab-45d6-8813-5970f39ed394
91,1589011,1935,526.0,7.0,https://www.ndk.cz/view/uuid:72fa4710-25eb-11dd-ab76-000d606f5dc6?page=uuid:29d9275e-247c-4fa7-90fd-cad263a7e18c
92,1589413,1935,477.0,7.0,https://www.ndk.cz/view/uuid:f2e948a0-268a-11dd-b7a3-000d606f5dc6?page=uuid:efa22758-f179-414e-900f-25b8123c3367
93,1589831,1902,17.0,4.0,https://www.ndk.cz/view/uuid:b7b4c67f-435d-11dd-b505-00145e5790ea?page=uuid:24069907-47bb-4417-a359-9b606c90177b
94,1589869,1937,648.0,7.0,https://www.ndk.cz/view/uuid:74140ce0-37f1-11dd-b7cc-000d606f5dc6?page=uuid:d8286450-b2b5-4d0f-a6b7-170f3a521209
95,1589895,1943,7.0,2.0,https://www.ndk.cz/view/uuid:8d7b2560-6e06-11dd-b721-000d606f5dc6?page=uuid:89173565-b58d-4ca2-8642-11657a1e555e
96,1593774,1943,7.0,2.0,https://www.ndk.cz/view/uuid:8d7b2560-6e06-11dd-b721-000d606f5dc6?page=uuid:89173565-b58d-4ca2-8642-11657a1e555e
97,1589974,1945,40.0,2.0,https://www.ndk.cz/view/uuid:c7fd9370-63f3-11dd-821c-000d606f5dc6?page=uuid:bc4951af-2ce2-4f07-8336-2a89991bc291
98,1589990,1943,22.0,1.0,https://www.ndk.cz/view/uuid:773b2670-6f68-11dd-a610-000d606f5dc6?page=uuid:02f46633-2ff5-4304-8980-8713de248e57
99,1589990,1943,22.0,1.0,https://www.ndk.cz/view/uuid:d6f5d560-6f68-11dd-a9c2-000d606f5dc6?page=uuid:eee8b78f-6a6b-47cb-bc15-a14bad580854
100,1590129,1938,271.0,7.0,https://www.ndk.cz/view/uuid:736f78c0-83fe-11dd-81da-000d606f5dc6?page=uuid:a9417bcd-92ac-453b-a0aa-040ce0744e77
101,1590146,1938,213.0,9.0,https://www.ndk.cz/view/uuid:3168ef00-48f9-11dd-afbe-000d606f5dc6?page=uuid:25a939b1-4876-49cc-9e37-4119d9412ae2
102,1590189,1935,288.0,7.0,https://www.ndk.cz/view/uuid:44f92280-25b1-11dd-9d28-000d606f5dc6?page=uuid:2ba72e55-b6ab-45b4-8e63-0e05308d1b2d
103,1590203,1919,50.0,1.0,https://www.ndk.cz/view/uuid:268205e0-61e6-11dc-8805-000d606f5dc6?page=uuid:39f358cf-e544-4762-811b-8173231e8c85
104,1590317,1941,10.0,9.0,https://www.ndk.cz/view/uuid:6e6d4ec0-4933-11dd-b07c-000d606f5dc6?page=uuid:1aaec806-e701-48ec-9c2c-37ff1d8f0d1d
105,1590321,1941,654.0,5.0,https://www.ndk.cz/view/uuid:9fcebef0-6ae3-11dd-8c3a-000d606f5dc6?page=uuid:10095cb1-05f3-443d-bd49-40a7293f8e2e
106,1590375,1943,215.0,9.0,https://www.ndk.cz/view/uuid:76fc82d0-6dd3-11dd-9aeb-000d606f5dc6?page=uuid:4d8dfb3e-6683-4c33-b7c5-8d43c45149f8
107,1590694,1935,614.0,7.0,https://www.ndk.cz/view/uuid:7bdf6210-2696-11dd-95d0-000d606f5dc6?page=uuid:7f4b7663-1bb2-44cb-af10-c4b33f49006d
108,1590735,1945,21.0,2.0,https://www.ndk.cz/view/uuid:e0ccbab0-63ef-11dd-97b7-000d606f5dc6?page=uuid:806d485d-d33a-403e-9505-67d23cfbbe2d
109,1591699,1943,231.0,1.0,https://www.ndk.cz/view/uuid:56930dd0-6de1-11dd-9cbb-000d606f5dc6?page=uuid:ee3d8460-9698-4565-ac6d-fba573949429
110,1591847,1939,233.0,9.0,https://www.ndk.cz/view/uuid:596eb4c0-527d-11dd-b035-000d606f5dc6?page=uuid:4635792e-28b4-464d-90b4-36edc689ea00
111,1591907,1936,432.0,9.0,https://www.ndk.cz/view/uuid:ea7c6c60-30cb-11dd-b2fa-000d606f5dc6?page=uuid:acbee662-deb4-450f-8d52-05b31c0b98f1
112,1592129,1941,169.0,2.0,https://www.ndk.cz/view/uuid:b36e4cc0-6f50-11dd-be57-000d606f5dc6?page=uuid:3645696e-714d-4d84-9fa2-2b3190932257
113,1592160,1935,619.0,7.0,https://www.ndk.cz/view/uuid:cd6bee30-2698-11dd-9b9d-000d606f5dc6?page=uuid:45702628-4c9c-4561-8a7e-4e51409e0f5f
114,1592938,1935,619.0,7.0,https://www.ndk.cz/view/uuid:cd6bee30-2698-11dd-9b9d-000d606f5dc6?page=uuid:45702628-4c9c-4561-8a7e-4e51409e0f5f
115,1592818,1944,43.0,1.0,https://www.ndk.cz/view/uuid:fed9f780-7a9b-11dd-8895-000d606f5dc6?page=uuid:853f7adf-88eb-4d3d-aa31-473ccf956e7b
116,1592927,1938,81.0,9.0,https://www.ndk.cz/view/uuid:3733edf0-3b9c-11dd-8fbf-000d606f5dc6?page=uuid:51c80fc4-939d-4d86-9aa8-e54eff3f1ce4
117,1593044,1943,229.0,9.0,https://www.ndk.cz/view/uuid:882f1cf0-6dda-11dd-8c08-000d606f5dc6?page=uuid:4afcc284-888a-4244-b65a-280a0b243664
118,1593049,1936,424.0,7.0,https://www.ndk.cz/view/uuid:b5ad1850-30ca-11dd-a62e-000d606f5dc6?page=uuid:c3a014bd-122b-46e9-b048-4b9d770a6f0f
119,1593078,1941,246.0,9.0,https://www.ndk.cz/view/uuid:6cfc9710-6d2a-11dd-9270-000d606f5dc6?page=uuid:7c7ffe3d-c562-4fd6-9d38-6cbfac9da983
120,1593149,1941,409.0,7.0,https://www.ndk.cz/view/uuid:5e554220-69f6-11dd-8c99-000d606f5dc6?page=uuid:b0b1604f-3157-4bbd-981e-6cd9a8309cac
121,1593378,1938,618.0,9.0,https://www.ndk.cz/view/uuid:4c54a3e0-7838-11dd-a9c4-000d606f5dc6?page=uuid:479c2e6a-559e-4a17-b345-e2ddf7ce3c31
122,1593561,1937,639.0,9.0,https://www.ndk.cz/view/uuid:044c3ec0-37ef-11dd-adfb-000d606f5dc6?page=uuid:78a2a7ec-b46d-4811-b11c-f02f8e6f754c
123,1593918,1937,1.0,9.0,https://www.ndk.cz/view/uuid:c996c4a0-2cca-11dd-92a2-000d606f5dc6?page=uuid:e54acf63-1750-4a41-85be-840ca695da45
124,1593970,1938,31.0,7.0,https://www.ndk.cz/view/uuid:f5fc43f0-3b91-11dd-aa04-000d606f5dc6?page=uuid:65c3762e-b739-4101-88b5-32009e0056d5
125,1594029,1935,424.0,2.0,https://www.ndk.cz/view/uuid:b1ef42d0-274f-11dd-8623-000d606f5dc6?page=uuid:81160f70-5da2-4443-8b5c-36af518367d1
126,1594333,1938,109.0,5.0,https://www.ndk.cz/view/uuid:7d619aa0-48d7-11dd-bdd9-000d606f5dc6?page=uuid:b2e7f356-2d45-4c7f-9d1c-7afbadd9112c
127,1594704,1938,521.0,9.0,https://www.ndk.cz/view/uuid:ab927ff0-3d17-11dd-be78-000d606f5dc6?page=uuid:a641679b-8358-4196-ac73-c3993308ace5
128,1594825,1945,27.0,2.0,https://www.ndk.cz/view/uuid:4eba18f0-63f1-11dd-96be-000d606f5dc6?page=uuid:adb85830-c0ab-42eb-9a73-eac1c12145fa
129,1595430,1939,529.0,7.0,https://www.ndk.cz/view/uuid:8bcba9f0-53d6-11dd-9164-000d606f5dc6?page=uuid:f3431923-d2c6-45c1-ab96-d3259725329d
130,1606988,1939,529.0,7.0,https://www.ndk.cz/view/uuid:8bcba9f0-53d6-11dd-9164-000d606f5dc6?page=uuid:f3431923-d2c6-45c1-ab96-d3259725329d
131,1630726,1939,529.0,7.0,https://www.ndk.cz/view/uuid:8bcba9f0-53d6-11dd-9164-000d606f5dc6?page=uuid:f3431923-d2c6-45c1-ab96-d3259725329d
132,1647823,1939,529.0,7.0,https://www.ndk.cz/view/uuid:8bcba9f0-53d6-11dd-9164-000d606f5dc6?page=uuid:f3431923-d2c6-45c1-ab96-d3259725329d
133,1595690,1938,551.0,10.0,https://www.ndk.cz/view/uuid:d7373c20-75b3-11dd-a7f0-000d606f5dc6?page=uuid:a61f292b-bb11-479f-96c4-48f3c677ea99
134,1596324,1944,84.0,1.0,https://www.ndk.cz/view/uuid:f7939fb0-7ab1-11dd-ad3a-000d606f5dc6?page=uuid:862710fc-49e7-4bff-a7a8-0db199d4c0e3
135,1596689,1941,562.0,2.0,https://www.ndk.cz/view/uuid:c3cc95d0-6a47-11dd-945e-000d606f5dc6?page=uuid:03aded95-a78b-4d1f-884a-64e2594ef369
136,1596689,1941,562.0,2.0,https://www.ndk.cz/view/uuid:ac0342a0-6a47-11dd-adc1-000d606f5dc6?page=uuid:bc1eaf7e-e093-49b9-88da-48a5581de275
137,1596781,1936,560.0,9.0,https://www.ndk.cz/view/uuid:2332c930-333f-11dd-be5e-000d606f5dc6?page=uuid:fc038169-8495-43ce-bf16-61914dd55db7
138,1630258,1936,560.0,9.0,https://www.ndk.cz/view/uuid:2332c930-333f-11dd-be5e-000d606f5dc6?page=uuid:fc038169-8495-43ce-bf16-61914dd55db7
139,1596782,1936,553.0,5.0,https://www.ndk.cz/view/uuid:0de53650-333d-11dd-b8ee-000d606f5dc6?page=uuid:f25eac80-f3f3-4a10-b96e-35ae7eb40cbc
140,1596811,1936,368.0,2.0,https://www.ndk.cz/view/uuid:0f83f790-30df-11dd-9aa2-000d606f5dc6?page=uuid:ac80afbe-8ad7-4aea-925b-327acb2c91ed
141,1596994,1919,280.0,1.0,https://www.ndk.cz/view/uuid:25e6d750-61e6-11dc-91e4-000d606f5dc6?page=uuid:f2974c15-f048-46c9-ae86-643ba5e32b0b
142,1597061,1941,150.0,9.0,https://www.ndk.cz/view/uuid:ad5efe50-6eb6-11dd-9d92-000d606f5dc6?page=uuid:ac2c2903-3fee-4c27-89e4-c8dcba82bae7
143,1647538,1941,150.0,9.0,https://www.ndk.cz/view/uuid:ad5efe50-6eb6-11dd-9d92-000d606f5dc6?page=uuid:ac2c2903-3fee-4c27-89e4-c8dcba82bae7
144,1597480,1934,71.0,7.0,https://www.ndk.cz/view/uuid:07ea4de0-10af-11dd-9d72-000d606f5dc6?page=uuid:fa738596-3edb-4e05-9b4f-d095a15765b6
145,1606153,1934,71.0,7.0,https://www.ndk.cz/view/uuid:07ea4de0-10af-11dd-9d72-000d606f5dc6?page=uuid:fa738596-3edb-4e05-9b4f-d095a15765b6
146,1597534,1909,24.0,9.0,https://www.ndk.cz/view/uuid:c108ed14-435d-11dd-b505-00145e5790ea?page=uuid:300fcc82-4865-4967-8b9d-0e5ed2d4171d
147,1601477,1909,24.0,9.0,https://www.ndk.cz/view/uuid:c108ed14-435d-11dd-b505-00145e5790ea?page=uuid:300fcc82-4865-4967-8b9d-0e5ed2d4171d
148,1597546,1928,81.0,9.0,https://www.ndk.cz/view/uuid:4c916280-8bda-11dc-a016-000d606f5dc6?page=uuid:4a1ded1b-b7b1-4a76-afc2-b778972efbef
149,1597581,1938,628.0,10.0,https://www.ndk.cz/view/uuid:733c05e0-783b-11dd-b28d-000d606f5dc6?page=uuid:613faeec-922a-4468-8882-326ff2335800
150,1606170,1938,628.0,10.0,https://www.ndk.cz/view/uuid:733c05e0-783b-11dd-b28d-000d606f5dc6?page=uuid:613faeec-922a-4468-8882-326ff2335800
151,1597755,1936,491.0,8.0,https://www.ndk.cz/view/uuid:480d3ed0-30be-11dd-b377-000d606f5dc6?page=uuid:eef4183d-fba5-4644-bc4c-162bd07eefa3
152,1606559,1936,491.0,8.0,https://www.ndk.cz/view/uuid:480d3ed0-30be-11dd-b377-000d606f5dc6?page=uuid:eef4183d-fba5-4644-bc4c-162bd07eefa3
153,1597794,1939,344.0,1.0,https://www.ndk.cz/view/uuid:43600ed0-530a-11dd-90e0-000d606f5dc6?page=uuid:3a08e8b8-0ad8-4378-88d6-39ba3dca3848
154,1597827,1943,31.0,7.0,https://www.ndk.cz/view/uuid:5ee2fb80-703e-11dd-8979-000d606f5dc6?page=uuid:1227b57c-2f97-4880-a5af-6e172a05d11f
155,1632917,1943,31.0,7.0,https://www.ndk.cz/view/uuid:5ee2fb80-703e-11dd-8979-000d606f5dc6?page=uuid:1227b57c-2f97-4880-a5af-6e172a05d11f
156,1597838,1935,639.0,10.0,https://www.ndk.cz/view/uuid:91ddbfa0-269e-11dd-a9a1-000d606f5dc6?page=uuid:8e4e516e-6054-4ee7-bff6-61d4f9c2a671
157,1626722,1935,639.0,10.0,https://www.ndk.cz/view/uuid:91ddbfa0-269e-11dd-a9a1-000d606f5dc6?page=uuid:8e4e516e-6054-4ee7-bff6-61d4f9c2a671
158,1597875,1941,326.0,4.0,https://www.ndk.cz/view/uuid:5fb72350-6dec-11dd-9068-000d606f5dc6?page=uuid:3022bb94-2809-4541-af6c-3586906edd18
159,1598035,1936,122.0,8.0,https://www.ndk.cz/view/uuid:d90ea020-2cb5-11dd-a50a-000d606f5dc6?page=uuid:0624c67d-9350-4606-961f-302997a505c4
160,1598406,1919,161.0,1.0,https://www.ndk.cz/view/uuid:268b2da0-61e6-11dc-aac4-000d606f5dc6?page=uuid:4aedb96e-9948-4876-acbe-fdfd47b36190
161,1598559,1935,453.0,1.0,https://www.ndk.cz/view/uuid:9e36c270-25da-11dd-a281-000d606f5dc6?page=uuid:3aeb6638-2e91-4a32-ba84-e819d78f616c
162,1598653,1938,310.0,2.0,https://www.ndk.cz/view/uuid:d883e630-83f2-11dd-b276-000d606f5dc6?page=uuid:461282a6-6afe-4301-b8fc-6d2b23ca05ce
163,1598743,1939,617.0,9.0,https://www.ndk.cz/view/uuid:e674aa70-53e3-11dd-8b5a-000d606f5dc6?page=uuid:98445d48-7ed2-443f-b1c7-d9a12dfd0a6e
164,1633983,1939,617.0,9.0,https://www.ndk.cz/view/uuid:e674aa70-53e3-11dd-8b5a-000d606f5dc6?page=uuid:98445d48-7ed2-443f-b1c7-d9a12dfd0a6e
165,1598769,1941,487.0,9.0,https://www.ndk.cz/view/uuid:ee6513f0-6cf2-11dd-be19-000d606f5dc6?page=uuid:017b3d4c-f975-4f4c-a20a-987a9cb61e26
166,1645965,1941,487.0,9.0,https://www.ndk.cz/view/uuid:ee6513f0-6cf2-11dd-be19-000d606f5dc6?page=uuid:017b3d4c-f975-4f4c-a20a-987a9cb61e26
167,1646187,1941,487.0,9.0,https://www.ndk.cz/view/uuid:ee6513f0-6cf2-11dd-be19-000d606f5dc6?page=uuid:017b3d4c-f975-4f4c-a20a-987a9cb61e26
168,1598924,1939,327.0,9.0,https://www.ndk.cz/view/uuid:46d7a630-5306-11dd-ab90-000d606f5dc6?page=uuid:629b3c99-fe7f-4256-a1f0-d63707fc6b27
169,1598955,1944,124.0,5.0,https://www.ndk.cz/view/uuid:89884a70-7ab6-11dd-a723-000d606f5dc6?page=uuid:c0e7dcce-dcf2-4a98-8ee8-69d52b95d765
170,1598955,1944,124.0,5.0,https://www.ndk.cz/view/uuid:9aa42c70-7ab6-11dd-8c90-000d606f5dc6?page=uuid:5a191e66-0971-4a8e-8d22-eb7385a63c9c
171,1599137,1936,210.0,7.0,https://www.ndk.cz/view/uuid:e0a5c2d0-2e1a-11dd-8201-000d606f5dc6?page=uuid:6e137627-4ce0-4c76-8ec2-59a390e33a09
172,1601335,1936,210.0,7.0,https://www.ndk.cz/view/uuid:e0a5c2d0-2e1a-11dd-8201-000d606f5dc6?page=uuid:6e137627-4ce0-4c76-8ec2-59a390e33a09
173,1599190,1938,122.0,9.0,https://www.ndk.cz/view/uuid:25b74a70-48e6-11dd-85d8-000d606f5dc6?page=uuid:62209495-b321-4a93-be27-efd2cb5dfcb1
174,1628823,1938,122.0,9.0,https://www.ndk.cz/view/uuid:25b74a70-48e6-11dd-85d8-000d606f5dc6?page=uuid:62209495-b321-4a93-be27-efd2cb5dfcb1
175,1599372,1944,91.0,1.0,https://www.ndk.cz/view/uuid:20f609b0-6e05-11dd-8f7a-000d606f5dc6?page=uuid:8fc699ce-ffc4-4b84-8d78-c920195ff49e
176,1599372,1944,91.0,1.0,https://www.ndk.cz/view/uuid:5ef52980-6e05-11dd-812a-000d606f5dc6?page=uuid:07cad20d-88fe-40eb-ad34-e9c9b3a0ae32
177,1599474,1936,87.0,7.0,https://www.ndk.cz/view/uuid:087ceb90-2695-11dd-9d34-000d606f5dc6?page=uuid:f27785f4-e036-4141-b1a3-4f81d9b2e5b2
178,1599483,1936,163.0,7.0,https://www.ndk.cz/view/uuid:550e3570-2e0d-11dd-b8ea-000d606f5dc6?page=uuid:1d3838d4-5551-4ad9-8ec8-0b7e25b9061e
179,1599935,1943,299.0,9.0,https://www.ndk.cz/view/uuid:3eced9d0-752b-11dd-a979-000d606f5dc6?page=uuid:c0f64505-d054-4582-b901-ab9bc0bb3d4d
180,1601681,1943,299.0,9.0,https://www.ndk.cz/view/uuid:3eced9d0-752b-11dd-a979-000d606f5dc6?page=uuid:c0f64505-d054-4582-b901-ab9bc0bb3d4d
181,1599937,1943,266.0,6.0,https://www.ndk.cz/view/uuid:2e018af0-6eb2-11dd-81e3-000d606f5dc6?page=uuid:c9ad3609-515f-4219-a41f-fe18f0f7f7aa
182,1629610,1943,266.0,6.0,https://www.ndk.cz/view/uuid:2e018af0-6eb2-11dd-81e3-000d606f5dc6?page=uuid:c9ad3609-515f-4219-a41f-fe18f0f7f7aa
183,1599943,1943,25.0,7.0,https://www.ndk.cz/view/uuid:391fbe80-6f88-11dd-bc04-000d606f5dc6?page=uuid:5f301345-d9ca-43d4-82b0-773e38b03aa5
184,1599951,1943,132.0,2.0,https://www.ndk.cz/view/uuid:171bac20-6d00-11dd-aea7-000d606f5dc6?page=uuid:b84d82f4-8eb1-44b0-8007-2c72b64d0ad5
185,1599952,1943,10.0,6.0,https://www.ndk.cz/view/uuid:71375bb0-6e08-11dd-98af-000d606f5dc6?page=uuid:159c4f7c-e60b-4091-a31d-82d8dce2984c
186,1611801,1943,10.0,6.0,https://www.ndk.cz/view/uuid:71375bb0-6e08-11dd-98af-000d606f5dc6?page=uuid:159c4f7c-e60b-4091-a31d-82d8dce2984c
187,1600541,1935,639.0,9.0,https://www.ndk.cz/view/uuid:91ddbfa0-269e-11dd-a9a1-000d606f5dc6?page=uuid:b5712898-979d-4174-af79-7477ea997075
188,1600672,1943,292.0,2.0,https://www.ndk.cz/view/uuid:06318340-7529-11dd-b4e4-000d606f5dc6?page=uuid:87274fbd-8eeb-4023-aa28-62e3a11a2019
189,1601222,1938,591.0,3.0,https://www.ndk.cz/view/uuid:6ad88f00-75c4-11dd-a2fc-000d606f5dc6?page=uuid:e7aca5d4-f200-4c45-be49-eb264dff6010
190,1601224,1936,288.0,7.0,https://www.ndk.cz/view/uuid:e74e5cb0-2f04-11dd-b090-000d606f5dc6?page=uuid:fdaba3f9-a6b2-4a2d-8a67-65a8617b8477
191,1631011,1936,288.0,7.0,https://www.ndk.cz/view/uuid:e74e5cb0-2f04-11dd-b090-000d606f5dc6?page=uuid:fdaba3f9-a6b2-4a2d-8a67-65a8617b8477
192,1601229,1939,44.0,1.0,https://www.ndk.cz/view/uuid:9fd06b90-5348-11dd-9f57-000d606f5dc6?page=uuid:949f03a7-2b8c-43d8-ac3b-74fc22e5e14c
193,1601231,1939,43.0,1.0,https://www.ndk.cz/view/uuid:88e03a50-5348-11dd-8e4d-000d606f5dc6?page=uuid:bf8873b9-54cd-4589-ae93-3b15a12d9855
194,1601233,1935,547.0,9.0,https://www.ndk.cz/view/uuid:d633c4a0-267c-11dd-a71b-000d606f5dc6?page=uuid:75500198-aa90-4197-97de-45131853dccb
195,1601310,1901,219.0,2.0,https://www.ndk.cz/view/uuid:b7b5d705-435d-11dd-b505-00145e5790ea?page=uuid:06fda20d-2cb0-40fd-beed-7b0711bb8d08
196,1601320,1936,450.0,7.0,https://www.ndk.cz/view/uuid:b89d6ee0-36c7-11dd-a7f9-000d606f5dc6?page=uuid:bea900bb-f6a3-4005-a445-7aa47cf43a84
197,1648641,1936,450.0,7.0,https://www.ndk.cz/view/uuid:b89d6ee0-36c7-11dd-a7f9-000d606f5dc6?page=uuid:bea900bb-f6a3-4005-a445-7aa47cf43a84
198,1601336,1936,228.0,1.0,https://www.ndk.cz/view/uuid:a83b5f20-2e44-11dd-98d1-000d606f5dc6?page=uuid:87ff41e0-4a4c-4b33-bd03-c5f0dc885f49
199,1601389,1936,37.0,9.0,https://www.ndk.cz/view/uuid:f6b007f0-393e-11dd-b09b-000d606f5dc6?page=uuid:ad0f7ccd-df16-4f60-aae3-bfb2953a5196
200,1610201,1936,37.0,9.0,https://www.ndk.cz/view/uuid:f6b007f0-393e-11dd-b09b-000d606f5dc6?page=uuid:ad0f7ccd-df16-4f60-aae3-bfb2953a5196
201,1631769,1936,37.0,9.0,https://www.ndk.cz/view/uuid:f6b007f0-393e-11dd-b09b-000d606f5dc6?page=uuid:ad0f7ccd-df16-4f60-aae3-bfb2953a5196
202,1601396,1936,602.0,7.0,https://www.ndk.cz/view/uuid:9a50d0f0-31a7-11dd-ad59-000d606f5dc6?page=uuid:b30ece19-ca7e-4fa3-b69d-c6025ed5b34a
203,1601397,1936,564.0,1.0,https://www.ndk.cz/view/uuid:39067170-3340-11dd-96e2-000d606f5dc6?page=uuid:45c9baf5-a05d-43fb-9a47-d7c05d3284b2
204,1601417,1939,551.0,7.0,https://www.ndk.cz/view/uuid:1c0cccc0-53e5-11dd-8f8f-000d606f5dc6?page=uuid:403d9379-bfc1-4b6b-83d3-a1070859dbb4
205,1641903,1939,551.0,7.0,https://www.ndk.cz/view/uuid:1c0cccc0-53e5-11dd-8f8f-000d606f5dc6?page=uuid:403d9379-bfc1-4b6b-83d3-a1070859dbb4
206,1601475,1919,267.0,2.0,https://www.ndk.cz/view/uuid:25e1ce40-61e6-11dc-b854-000d606f5dc6?page=uuid:f0bd079f-17db-48b0-a550-f4e40aa95775
207,1601797,1903,15.0,3.0,https://www.ndk.cz/view/uuid:b7a49950-435d-11dd-b505-00145e5790ea?page=uuid:23ccf3fa-96cd-4fab-822a-bb46d4454296
208,1601807,1901,39.0,2.0,https://www.ndk.cz/view/uuid:b7beb15f-435d-11dd-b505-00145e5790ea?page=uuid:2dd60b24-7ab1-454d-a53f-872b3c4ef378
209,1601809,1939,276.0,7.0,https://www.ndk.cz/view/uuid:10fbf920-532f-11dd-be17-000d606f5dc6?page=uuid:d5fee056-1069-43e4-a8d3-b795d616340e
210,1602193,1917,159.0,1.0,https://www.ndk.cz/view/uuid:927115d0-727f-11dc-88df-000d606f5dc6?page=uuid:cc92cf3b-868d-4f6c-9a56-9959f8a83f08
211,1602197,1917,292.0,4.0,https://www.ndk.cz/view/uuid:e07d4c30-732e-11dc-a8ed-000d606f5dc6?page=uuid:2e9cf1d9-f3c3-4f29-b9db-9d8a0c4b8268
212,1602206,1901,153.0,2.0,https://www.ndk.cz/view/uuid:b7b980bc-435d-11dd-b505-00145e5790ea?page=uuid:cb83309b-88fd-4808-8344-f0b99b743150
213,1602279,1924,269.0,1.0,https://www.ndk.cz/view/uuid:26a7c6a0-86e3-11dc-b63b-000d606f5dc6?page=uuid:783ebece-1e6f-4512-82b8-f24a588294f3
214,1602335,1939,23.0,5.0,https://www.ndk.cz/view/uuid:853dab10-533b-11dd-a70e-000d606f5dc6?page=uuid:e1296c16-5e57-4ecb-aba3-250affaceb84
215,1602339,1939,23.0,5.0,https://www.ndk.cz/view/uuid:853dab10-533b-11dd-a70e-000d606f5dc6?page=uuid:e1296c16-5e57-4ecb-aba3-250affaceb84
216,1602451,1936,380.0,4.0,https://www.ndk.cz/view/uuid:1016f350-30e0-11dd-b4fd-000d606f5dc6?page=uuid:d7a868fb-49e0-4a8a-a2a7-ea984e8e240c
217,1602696,1935,583.0,3.0,https://www.ndk.cz/view/uuid:de6a69b0-2683-11dd-83e2-000d606f5dc6?page=uuid:68ebf2cf-f081-4872-842c-eaeb240d3d45
218,1602719,1935,150.0,13.0,https://www.ndk.cz/view/uuid:db522b50-1dbe-11dd-a9b0-000d606f5dc6?page=uuid:ce672485-ad9f-482e-a3d1-9ea71cc2b256
219,1602799,1902,116.0,3.0,https://www.ndk.cz/view/uuid:bad6edbd-435d-11dd-b505-00145e5790ea?page=uuid:3bbd59c2-381d-454d-b662-ca5a72eb0278
220,1602803,1935,601.0,7.0,https://www.ndk.cz/view/uuid:26e4fd30-2685-11dd-9770-000d606f5dc6?page=uuid:4729c5bb-bb53-4b5d-8312-8378751363bd
221,1602803,1935,601.0,7.0,https://www.ndk.cz/view/uuid:ab4eb920-234d-11dd-89e0-000d606f5dc6?page=uuid:0ec30bb4-44c7-4a12-8bf1-309f8465be82
222,1610241,1935,601.0,7.0,https://www.ndk.cz/view/uuid:26e4fd30-2685-11dd-9770-000d606f5dc6?page=uuid:4729c5bb-bb53-4b5d-8312-8378751363bd
223,1610241,1935,601.0,7.0,https://www.ndk.cz/view/uuid:ab4eb920-234d-11dd-89e0-000d606f5dc6?page=uuid:0ec30bb4-44c7-4a12-8bf1-309f8465be82
224,1603233,1901,161.0,2.0,https://www.ndk.cz/view/uuid:b7b9cee4-435d-11dd-b505-00145e5790ea?page=uuid:a44830b4-61d3-4730-8d99-39e49c69fce3
225,1603453,1919,200.0,1.0,https://www.ndk.cz/view/uuid:262c1db0-61e6-11dc-8168-000d606f5dc6?page=uuid:4cbbbdc1-0256-4250-be92-28a7d95ea535
226,1603566,1939,379.0,7.0,https://www.ndk.cz/view/uuid:836e5640-525f-11dd-9696-000d606f5dc6?page=uuid:8e020687-f80a-488c-b5b5-10db17dfe526
227,1604214,1938,142.0,5.0,https://www.ndk.cz/view/uuid:3c8d5ba0-48f4-11dd-836a-000d606f5dc6?page=uuid:b956dd0a-33e0-41bd-af24-799b7afa0ce2
228,1606333,1938,142.0,5.0,https://www.ndk.cz/view/uuid:3c8d5ba0-48f4-11dd-836a-000d606f5dc6?page=uuid:b956dd0a-33e0-41bd-af24-799b7afa0ce2
229,1604337,1929,630.0,7.0,https://www.ndk.cz/view/uuid:11045290-8de7-11dc-9fc3-000d606f5dc6?page=uuid:4abdbc9f-8792-43b4-ab86-858907e3f2e6
230,1604457,1939,81.0,10.0,https://www.ndk.cz/view/uuid:8c33a590-524c-11dd-b18d-000d606f5dc6?page=uuid:1d5d4a01-242a-4016-a8de-b90fdceeafb4
231,1604904,1917,111.0,4.0,https://www.ndk.cz/view/uuid:8bd52560-75e3-11dc-95aa-000d606f5dc6?page=uuid:f22416a4-9c3b-4c3c-b9ec-277717a5b592
232,1604968,1939,464.0,9.0,https://www.ndk.cz/view/uuid:cb6e0890-53cd-11dd-b331-000d606f5dc6?page=uuid:6872cbe6-5827-4173-adc2-0381fd540487
233,1605196,1917,146.0,4.0,https://www.ndk.cz/view/uuid:b95d7f70-6bb4-11dc-96e7-000d606f5dc6?page=uuid:1b3ba148-fc8e-47f8-a288-556c318609d2
234,1605196,1917,146.0,4.0,https://www.ndk.cz/view/uuid:377b91d0-6bb5-11dc-a895-000d606f5dc6?page=uuid:94bcc3ac-9145-4d35-9028-022a4b73f6bb
235,1605402,1942,163.0,1.0,https://www.ndk.cz/view/uuid:75c8bf50-7a6c-11dd-93a0-000d606f5dc6?page=uuid:8fe346f5-ae34-4c08-a4ef-7d7707045371
236,1605746,1944,215.0,7.0,https://www.ndk.cz/view/uuid:2a871ab0-7b6a-11dd-86a6-000d606f5dc6?page=uuid:00630439-c572-4f35-b5b8-3a5629fb39cb
237,1606006,1902,149.0,2.0,https://www.ndk.cz/view/uuid:b7ab9df5-435d-11dd-b505-00145e5790ea?page=uuid:56d292ff-30b1-4303-b8cd-8c2b163391da
238,1606133,1935,440.0,7.0,https://www.ndk.cz/view/uuid:e9d21030-25d6-11dd-adc0-000d606f5dc6?page=uuid:f5011259-3e8e-41ac-8757-a6f2b0ee4592
239,1606168,1938,551.0,9.0,https://www.ndk.cz/view/uuid:d7373c20-75b3-11dd-a7f0-000d606f5dc6?page=uuid:1c577aa4-37e7-499a-9694-3ee10b9a1983
240,1606585,1918,226.0,1.0,https://www.ndk.cz/view/uuid:25802640-61e6-11dc-a130-000d606f5dc6?page=uuid:33c2f67b-cee2-496b-90bf-bb883d443f7f
241,1606857,1938,545.0,10.0,https://www.ndk.cz/view/uuid:6a985980-3d20-11dd-b72f-000d606f5dc6?page=uuid:fa7759c0-35bf-4ca4-b2e7-ab476f793818
242,1606866,1938,211.0,9.0,https://www.ndk.cz/view/uuid:e2126ad0-48f8-11dd-9d63-000d606f5dc6?page=uuid:bebbc186-fa03-4dae-951e-562049e50fcf
243,1630945,1938,211.0,9.0,https://www.ndk.cz/view/uuid:e2126ad0-48f8-11dd-9d63-000d606f5dc6?page=uuid:bebbc186-fa03-4dae-951e-562049e50fcf
244,1647902,1938,211.0,9.0,https://www.ndk.cz/view/uuid:e2126ad0-48f8-11dd-9d63-000d606f5dc6?page=uuid:bebbc186-fa03-4dae-951e-562049e50fcf
245,1607003,1941,344.0,2.0,https://www.ndk.cz/view/uuid:f3e5f610-4c03-11dd-ac3e-000d606f5dc6?page=uuid:6cffa79b-902c-4385-94f9-18fded886d4e
246,1607102,1941,654.0,10.0,https://www.ndk.cz/view/uuid:8567b670-6ae3-11dd-97b2-000d606f5dc6?page=uuid:1aea8ccc-3003-4ee2-8d04-ea46d6242578
247,1607102,1941,654.0,10.0,https://www.ndk.cz/view/uuid:bbb9f670-6ae3-11dd-a104-000d606f5dc6?page=uuid:d7c81929-555e-4c07-861b-e9cc1aa1616d
248,1607808,1938,200.0,7.0,https://www.ndk.cz/view/uuid:352add30-48f2-11dd-85a7-000d606f5dc6?page=uuid:b9af6cf1-24b6-4fe0-b1ab-88942adb0015
249,1607836,1943,118.0,4.0,https://www.ndk.cz/view/uuid:04a5c5b0-6b0e-11dd-86c7-000d606f5dc6?page=uuid:a3f96f30-973a-4636-ac0a-78e21cec79a9
250,1607855,1937,334.0,7.0,https://www.ndk.cz/view/uuid:497730f0-3712-11dd-913b-000d606f5dc6?page=uuid:d65e655a-acd5-475d-a98f-7758eef86bbf
251,1608621,1942,235.0,7.0,https://www.ndk.cz/view/uuid:85851950-72c1-11dd-9a41-000d606f5dc6?page=uuid:90394574-5a87-4a5c-96ae-36b54a5a1c9d
252,1609134,1919,93.0,2.0,https://www.ndk.cz/view/uuid:268dc5b0-61e6-11dc-98ce-000d606f5dc6?page=uuid:794e31de-0c97-4f34-ae03-8b97227f0d95
253,1609145,1938,603.0,9.0,https://www.ndk.cz/view/uuid:cc19d690-75c7-11dd-b45d-000d606f5dc6?page=uuid:b37e3d6d-86fb-44b7-83de-3e3c93718ce6
254,1609153,1944,170.0,3.0,https://www.ndk.cz/view/uuid:e3ba77c0-7b88-11dd-aee3-000d606f5dc6?page=uuid:664b78bc-425a-431b-b1c0-5a7e46db03de
255,1609946,1918,52.0,1.0,https://www.ndk.cz/view/uuid:256f5d60-61e6-11dc-a2c0-000d606f5dc6?page=uuid:3abecd64-19b7-47f5-babb-42a1a2fc6e09
256,1610061,1941,593.0,4.0,https://www.ndk.cz/view/uuid:3a4b0d00-6cf4-11dd-8cc4-000d606f5dc6?page=uuid:d007f343-235c-438d-9f82-b77eae9d7b60
257,1610064,1941,592.0,3.0,https://www.ndk.cz/view/uuid:0de5d8d0-6cf4-11dd-a590-000d606f5dc6?page=uuid:7c903cb0-4bb7-41eb-b2e2-ee87adc66334
258,1610069,1941,589.0,3.0,https://www.ndk.cz/view/uuid:e0e1e910-6cf2-11dd-ac1f-000d606f5dc6?page=uuid:8434eb95-ee57-4f58-b7e5-4ad2ee321466
259,1610130,1935,48.0,7.0,https://www.ndk.cz/view/uuid:9c78bad0-1def-11dd-96c4-000d606f5dc6?page=uuid:72fe0f41-69bb-4414-8425-db25b25f6516
260,1610133,1939,499.0,2.0,https://www.ndk.cz/view/uuid:f692df70-53cb-11dd-a324-000d606f5dc6?page=uuid:9e7672b6-e155-4787-9f8b-d54dde3f064e
261,1610178,1943,57.0,4.0,https://www.ndk.cz/view/uuid:b388bb10-729c-11dd-8001-000d606f5dc6?page=uuid:862e0887-0ab2-47d6-bd4d-a14a760205e4
262,1610178,1943,57.0,4.0,https://www.ndk.cz/view/uuid:b39983f0-729c-11dd-a7d8-000d606f5dc6?page=uuid:141fecd1-3304-4023-9511-6399ca2c7457
263,1610178,1943,57.0,4.0,https://www.ndk.cz/view/uuid:b3927f10-729c-11dd-90aa-000d606f5dc6?page=uuid:05dff824-0575-4ef6-8e6c-2898544bfca4
264,1610178,1943,57.0,4.0,https://www.ndk.cz/view/uuid:b388bb10-729c-11dd-8001-000d606f5dc6?page=uuid:71638f65-1e73-4780-b62c-e882815f8c7e
265,1610178,1943,57.0,4.0,https://www.ndk.cz/view/uuid:b3927f10-729c-11dd-90aa-000d606f5dc6?page=uuid:9d6e7600-0984-4fc8-8cce-018597014b5f
266,1610190,1928,68.0,9.0,https://www.ndk.cz/view/uuid:5054cff0-8bd6-11dc-a3b5-000d606f5dc6?page=uuid:e2db7dae-e93d-47bc-9ec1-732af793423a
267,1610208,1936,419.0,2.0,https://www.ndk.cz/view/uuid:c0853ce0-30c9-11dd-b7ed-000d606f5dc6?page=uuid:1a8883d2-8309-4ab3-a7f3-53ad43dcfb22
268,1610210,1928,427.0,3.0,https://www.ndk.cz/view/uuid:3a629750-8d42-11dc-aee5-000d606f5dc6?page=uuid:cc9564d7-3b17-40ea-b3a5-aaf9edadfa52
269,1610685,1940,638.0,3.0,https://www.ndk.cz/view/uuid:7050ec00-6fb8-11dd-9f9d-000d606f5dc6?page=uuid:020b71a1-0ba7-466a-b556-9e7fb346a49c
270,1610799,1939,546.0,10.0,https://www.ndk.cz/view/uuid:5b318c60-53db-11dd-8e4b-000d606f5dc6?page=uuid:531b0366-31f5-4faa-8ccf-03a89c00dff1
271,1610803,1941,156.0,1.0,https://www.ndk.cz/view/uuid:277bacb0-6eb7-11dd-8e2f-000d606f5dc6?page=uuid:b539351c-b056-490e-95a1-b671c71f18e4
272,1611263,1919,194.0,3.0,https://www.ndk.cz/view/uuid:25e1ce40-61e6-11dc-8abf-000d606f5dc6?page=uuid:7d1f1c06-17f2-4bed-bed0-2b1a28e79aa6
273,1611481,1935,582.0,1.0,https://www.ndk.cz/view/uuid:7dabdf50-2683-11dd-becb-000d606f5dc6?page=uuid:716f8982-7eca-4181-ac93-303996725a7c
274,1611486,1936,234.0,7.0,https://www.ndk.cz/view/uuid:4c7a0870-2e45-11dd-9d5c-000d606f5dc6?page=uuid:f2c9f3f4-7f05-4b2b-9f2b-6f93298a02c8
275,1611724,1936,362.0,2.0,https://www.ndk.cz/view/uuid:e5f32c00-30d1-11dd-ab1c-000d606f5dc6?page=uuid:f4756caa-8a1b-4e0f-897d-8788db680ecc
276,1611734,1928,403.0,1.0,https://www.ndk.cz/view/uuid:6ac02110-8d3d-11dc-8ec6-000d606f5dc6?page=uuid:2385d57a-9053-40f4-ad1c-9698b6b817ae
277,1611778,1919,189.0,1.0,https://www.ndk.cz/view/uuid:25e1ce40-61e6-11dc-90c1-000d606f5dc6?page=uuid:71dfdec5-b05a-492d-bb58-2fc21f5146a9
278,1611781,1919,175.0,2.0,https://www.ndk.cz/view/uuid:269bf680-61e6-11dc-9c62-000d606f5dc6?page=uuid:46d5ee1e-e77b-4ff6-95cc-e8b1b568c5a1
279,1611782,1919,189.0,2.0,https://www.ndk.cz/view/uuid:25e1ce40-61e6-11dc-a3c6-000d606f5dc6?page=uuid:dffe9cf7-c0ae-4607-8205-14240e998998
280,1612023,1942,556.0,3.0,https://www.ndk.cz/view/uuid:ce422050-7a52-11dd-9cdc-000d606f5dc6?page=uuid:28c08fde-0a7b-473a-83b4-c5ceb564ace5
281,1613107,1938,489.0,1.0,https://www.ndk.cz/view/uuid:fb6b74f0-7aac-11dd-ab71-000d606f5dc6?page=uuid:c13741e7-b7fe-46cb-a258-9a0b0c2528de
282,1614045,1939,394.0,7.0,https://www.ndk.cz/view/uuid:22109270-53cf-11dd-9782-000d606f5dc6?page=uuid:d794b453-df55-42df-8dd7-fd0f8dd892b8
283,1614050,1938,11.0,1.0,https://www.ndk.cz/view/uuid:f10d01b0-3b8a-11dd-8719-000d606f5dc6?page=uuid:6871b0b7-a6c2-41f3-b6b7-18f1e9ee6798
284,1614307,1924,277.0,1.0,https://www.ndk.cz/view/uuid:d5f3ea70-86e4-11dc-9854-000d606f5dc6?page=uuid:5e1cb3eb-0c75-4600-b6ef-376ad02c524f
285,1615531,1919,341.0,1.0,https://www.ndk.cz/view/uuid:26aa2750-61e6-11dc-9b68-000d606f5dc6?page=uuid:520e1a1c-8acd-483c-954c-14ea6c6577b9
286,1615601,1919,347.0,1.0,https://www.ndk.cz/view/uuid:26aa2750-61e6-11dc-bab9-000d606f5dc6?page=uuid:8290dc11-cf42-4ffc-8a1d-798c0ab600e5
287,1615601,1919,347.0,1.0,https://www.ndk.cz/view/uuid:26aa2750-61e6-11dc-a79c-000d606f5dc6?page=uuid:7ef2206d-9e30-4674-a606-5a248a3698af
288,1617422,1935,109.0,3.0,https://www.ndk.cz/view/uuid:ce170640-1c5b-11dd-a49c-000d606f5dc6?page=uuid:c06eb707-76d3-4054-a484-d253e469483c
289,1618886,1945,3.0,2.0,https://www.ndk.cz/view/uuid:c90f3610-63e9-11dd-920f-000d606f5dc6?page=uuid:52973aef-212d-40a9-8b65-f14411bdf462
290,1618887,1945,3.0,2.0,https://www.ndk.cz/view/uuid:c90f3610-63e9-11dd-920f-000d606f5dc6?page=uuid:52973aef-212d-40a9-8b65-f14411bdf462
291,1619003,1945,55.0,2.0,https://www.ndk.cz/view/uuid:40ed1700-63f5-11dd-b642-000d606f5dc6?page=uuid:40a987f2-155d-4426-9d04-8078e7c7217c
292,1619042,1943,317.0,4.0,https://www.ndk.cz/view/uuid:04224570-6f4e-11dd-a3eb-000d606f5dc6?page=uuid:e656f396-fdb3-46f6-ae3b-635dc1fabf51
293,1619091,1945,6.0,2.0,https://www.ndk.cz/view/uuid:89191650-63eb-11dd-a580-000d606f5dc6?page=uuid:b22e603e-9c9f-4d23-89b4-2b3cb369c2e4
294,1619678,1943,101.0,5.0,https://www.ndk.cz/view/uuid:848ac7e0-72ce-11dd-b0b1-000d606f5dc6?page=uuid:511d4920-7f44-469e-8c80-d9acd18fd045
295,1619727,1909,71.0,1.0,https://www.ndk.cz/view/uuid:c0ff0241-435d-11dd-b505-00145e5790ea?page=uuid:b2c6a2ef-1344-4c32-b1a3-1e84041b8b1a
296,1619728,1909,110.0,2.0,https://www.ndk.cz/view/uuid:c0f9f8a7-435d-11dd-b505-00145e5790ea?page=uuid:7556050f-fe64-4f03-a8fe-2953eedf113e
297,1619728,1909,110.0,2.0,https://www.ndk.cz/view/uuid:c0fa1fb9-435d-11dd-b505-00145e5790ea?page=uuid:97773578-ee15-4039-8c7b-e421d4e6a767
298,1619809,1944,6.0,6.0,https://www.ndk.cz/view/uuid:e6c0a490-7b14-11dd-9f19-000d606f5dc6?page=uuid:31b7edac-0ea9-4e9b-bc5a-f3c5d426a03b
299,1620301,1941,130.0,1.0,https://www.ndk.cz/view/uuid:ea844c40-4c01-11dd-9b90-000d606f5dc6?page=uuid:643232bc-60ca-4257-9c14-aad30262c0d3
300,1621719,1902,225.0,2.0,https://www.ndk.cz/view/uuid:b7a9f016-435d-11dd-b505-00145e5790ea?page=uuid:eb78f018-b402-43dc-83f6-0aeee028832c
301,1621720,1915,58.0,4.0,https://www.ndk.cz/view/uuid:26e115d0-61e6-11dc-ae9f-000d606f5dc6?page=uuid:43a43d0d-2f2b-4ca6-b37e-c2144cfed4a7
302,1621734,1941,480.0,9.0,https://www.ndk.cz/view/uuid:4f7b89b0-6cf0-11dd-8704-000d606f5dc6?page=uuid:3c4db7ef-7362-4919-be1c-7f1ee8fd32cf
303,1623499,1919,281.0,2.0,https://www.ndk.cz/view/uuid:25e6d750-61e6-11dc-8a9f-000d606f5dc6?page=uuid:50eafd9b-32fc-4599-8179-ed77ff5fe198
304,1623499,1919,281.0,2.0,https://www.ndk.cz/view/uuid:25e6d750-61e6-11dc-97d0-000d606f5dc6?page=uuid:be71e769-66e5-42d6-8140-b9171a6f5a31
305,1624123,1902,32.0,2.0,https://www.ndk.cz/view/uuid:b7af47d5-435d-11dd-b505-00145e5790ea?page=uuid:125965f3-6a05-467b-9603-d77d13285de9
306,1626684,1936,367.0,1.0,https://www.ndk.cz/view/uuid:efde9e40-30de-11dd-9104-000d606f5dc6?page=uuid:d4896529-de64-4f7f-8b0c-03fa664edce9
307,1626701,1939,581.0,9.0,https://www.ndk.cz/view/uuid:0a14abd0-53f6-11dd-86e5-000d606f5dc6?page=uuid:c6b2cc37-01fa-4312-8c0c-a08b68e30ce9
308,1626728,1902,173.0,1.0,https://www.ndk.cz/view/uuid:b7ac615d-435d-11dd-b505-00145e5790ea?page=uuid:91062e92-0c6f-42aa-b7f2-7e975e18b79d
309,1626735,1938,144.0,7.0,https://www.ndk.cz/view/uuid:59934a90-48f7-11dd-bc60-000d606f5dc6?page=uuid:f67cb1e3-bc49-4681-94a0-39c53db1ba47
310,1627093,1901,188.0,2.0,https://www.ndk.cz/view/uuid:b7ba924f-435d-11dd-b505-00145e5790ea?page=uuid:ca5db2ed-94fe-46d3-ad39-d577f76f57fc
311,1627187,1919,12.0,1.0,https://www.ndk.cz/view/uuid:26594830-61e6-11dc-a515-000d606f5dc6?page=uuid:6c43478a-6407-499d-9a68-9b3f9c218f94
312,1627188,1938,103.0,7.0,https://www.ndk.cz/view/uuid:597aac70-3ba4-11dd-836c-000d606f5dc6?page=uuid:96c05261-e7ca-4f27-8eab-b62dc9b38d9c
313,1627189,1938,94.0,9.0,https://www.ndk.cz/view/uuid:9a3b3d90-3ba1-11dd-8232-000d606f5dc6?page=uuid:148c763c-dd58-49c3-af46-e3c13ba1613e
314,1631152,1938,94.0,9.0,https://www.ndk.cz/view/uuid:9a3b3d90-3ba1-11dd-8232-000d606f5dc6?page=uuid:148c763c-dd58-49c3-af46-e3c13ba1613e
315,1632819,1938,94.0,9.0,https://www.ndk.cz/view/uuid:9a3b3d90-3ba1-11dd-8232-000d606f5dc6?page=uuid:148c763c-dd58-49c3-af46-e3c13ba1613e
316,1627261,1943,23.0,5.0,https://www.ndk.cz/view/uuid:95ff5210-6f69-11dd-be62-000d606f5dc6?page=uuid:e0ebbf03-2892-4e53-b6a8-0d6b411e3bbe
317,1627384,1934,201.0,7.0,https://www.ndk.cz/view/uuid:a7e274a0-1143-11dd-91d4-000d606f5dc6?page=uuid:e946f25a-4b93-4ef4-8e11-1fe89f5b5437
318,1628129,1943,215.0,7.0,https://www.ndk.cz/view/uuid:1000d540-6dd3-11dd-99ae-000d606f5dc6?page=uuid:28968bce-7819-4886-bc14-e879ceefe3d6
319,1628130,1943,318.0,5.0,https://www.ndk.cz/view/uuid:6170d660-6f4e-11dd-99b7-000d606f5dc6?page=uuid:043cc01a-edf2-45ef-baa6-fefa0b0b31ba
320,1628130,1943,318.0,5.0,https://www.ndk.cz/view/uuid:4b0d2db0-6f4e-11dd-b305-000d606f5dc6?page=uuid:c0aedeb5-7742-4eef-86bb-ebc1afd73345
321,1628133,1943,345.0,3.0,https://www.ndk.cz/view/uuid:c6209980-746f-11dd-8199-000d606f5dc6?page=uuid:2407412b-1309-4bbd-bb1c-cf56337e0331
322,1628133,1943,345.0,3.0,https://www.ndk.cz/view/uuid:7bf72810-746f-11dd-bc7c-000d606f5dc6?page=uuid:0e11f7a4-f387-4172-9a72-abfaa017636b
323,1628133,1943,345.0,3.0,https://www.ndk.cz/view/uuid:94fb4530-746f-11dd-afc7-000d606f5dc6?page=uuid:12e4b4a9-efc6-4628-8ede-cabc7c2e6245
324,1629031,1938,417.0,7.0,https://www.ndk.cz/view/uuid:0074eee0-5244-11dd-80a3-000d606f5dc6?page=uuid:c5917c73-81d6-42a0-98f4-b27a0cf6dd00
325,1629082,1936,587.0,3.0,https://www.ndk.cz/view/uuid:a0ae84d0-3623-11dd-8efc-000d606f5dc6?page=uuid:2b113575-f2be-4637-87e2-658d9f3b3d19
326,1629084,1936,637.0,2.0,https://www.ndk.cz/view/uuid:0af306b0-3622-11dd-a7bb-000d606f5dc6?page=uuid:5a423842-d815-47cd-b6f9-5619e0df0d1d
327,1629101,1936,560.0,7.0,https://www.ndk.cz/view/uuid:2332c930-333f-11dd-be5e-000d606f5dc6?page=uuid:58a9981c-59df-4d78-8fe1-2006206c1cae
328,1629108,1935,550.0,1.0,https://www.ndk.cz/view/uuid:ebd31670-267d-11dd-a4ea-000d606f5dc6?page=uuid:5c5e3d50-9c91-45c5-8857-8c83ec3384fc
329,1629117,1936,459.0,2.0,https://www.ndk.cz/view/uuid:9e8bae20-36ce-11dd-8025-000d606f5dc6?page=uuid:99c4923f-f45b-4db6-8444-11285cc6d740
330,1629243,1940,105.0,9.0,https://www.ndk.cz/view/uuid:58f00650-5748-11dd-824e-000d606f5dc6?page=uuid:f7329f0f-837f-486e-97e1-8d9d8b1a0533
331,1629323,1942,86.0,9.0,https://www.ndk.cz/view/uuid:fa972650-702a-11dd-9565-000d606f5dc6?page=uuid:001135ef-a966-4abd-a375-cbae349b7a17
332,1629841,1941,318.0,9.0,https://www.ndk.cz/view/uuid:ae885cd0-6dea-11dd-91e2-000d606f5dc6?page=uuid:446c389c-889f-4aa5-8fa9-9dce9fafbe81
333,1630161,1939,516.0,1.0,https://www.ndk.cz/view/uuid:8d20fd90-53d2-11dd-9b57-000d606f5dc6?page=uuid:c429ff61-500e-4481-add9-e3d82628a316
334,1630204,1942,603.0,5.0,https://www.ndk.cz/view/uuid:193b73d0-7a72-11dd-b7f1-000d606f5dc6?page=uuid:850263cd-d3c8-420c-8c43-4db605d0a24d
335,1630210,1935,144.0,7.0,https://www.ndk.cz/view/uuid:6dabb460-1dad-11dd-b115-000d606f5dc6?page=uuid:fab6b51d-6d0c-4f7b-bbb9-0c4dbcb24849
336,1630211,1943,12.0,3.0,https://www.ndk.cz/view/uuid:0769de20-6e84-11dd-87fa-000d606f5dc6?page=uuid:9ff5253b-95c1-4749-ad90-42bd116ceb86
337,1630256,1938,131.0,2.0,https://www.ndk.cz/view/uuid:b5ff3d50-48ef-11dd-af5b-000d606f5dc6?page=uuid:e0c65059-ce62-4048-8350-ef592093c74c
338,1630339,1928,563.0,6.0,https://www.ndk.cz/view/uuid:71da91f0-8bea-11dc-84a6-000d606f5dc6?page=uuid:d766d686-cf20-448a-a7ee-05b1affff9a0
339,1630376,1901,52.0,2.0,https://www.ndk.cz/view/uuid:b7bf269c-435d-11dd-b505-00145e5790ea?page=uuid:d59ba927-2ca5-492f-822e-0c272832e76a
340,1630396,1901,156.0,3.0,https://www.ndk.cz/view/uuid:b7b9a7cf-435d-11dd-b505-00145e5790ea?page=uuid:0c97610d-d934-4ed5-92ae-53ac64a86e3d
341,1630407,1918,194.0,1.0,https://www.ndk.cz/view/uuid:257d8e30-61e6-11dc-bf46-000d606f5dc6?page=uuid:32bb9920-597a-45ad-9531-0959c87a339a
342,1630410,1902,104.0,4.0,https://www.ndk.cz/view/uuid:b7ad72e7-435d-11dd-b505-00145e5790ea?page=uuid:14d0e520-53df-4bd8-b4d6-0f73b341a3b7
343,1630436,1943,290.0,2.0,https://www.ndk.cz/view/uuid:41bc8810-7524-11dd-b280-000d606f5dc6?page=uuid:a5d7e3bd-22af-41d4-aa22-64c57641f575
344,1630439,1938,218.0,1.0,https://www.ndk.cz/view/uuid:1fcaef40-48fa-11dd-a8c2-000d606f5dc6?page=uuid:49968c54-5ec8-4a87-8d94-d05b2b82067b
345,1630585,1927,80.0,3.0,https://www.ndk.cz/view/uuid:b115d2a0-87b5-11dc-975e-000d606f5dc6?page=uuid:84817c02-aaf4-487a-99c1-2db3165c2810
346,1630586,1927,102.0,5.0,https://www.ndk.cz/view/uuid:139e1920-87b9-11dc-9168-000d606f5dc6?page=uuid:cc70f868-65d8-4d7f-b1e7-9becbe6de303
347,1630591,1926,275.0,2.0,https://www.ndk.cz/view/uuid:c5080000-870e-11dc-9b65-000d606f5dc6?page=uuid:845c57cf-4600-4b2f-8f9c-227508c8205d
348,1630605,1926,267.0,3.0,https://www.ndk.cz/view/uuid:5b952d60-870d-11dc-a6d1-000d606f5dc6?page=uuid:ae858531-5653-47e9-b916-d0b81ed70046
349,1630772,1937,614.0,2.0,https://www.ndk.cz/view/uuid:ccffcbd0-37e4-11dd-8aaf-000d606f5dc6?page=uuid:704b9882-81d4-46bb-8242-44173a149a39
350,1630898,1941,602.0,9.0,https://www.ndk.cz/view/uuid:9715f230-6cf8-11dd-b6ae-000d606f5dc6?page=uuid:b8e828f5-8eb0-468a-809a-8f58b6e481e7
351,1641580,1941,602.0,9.0,https://www.ndk.cz/view/uuid:9715f230-6cf8-11dd-b6ae-000d606f5dc6?page=uuid:b8e828f5-8eb0-468a-809a-8f58b6e481e7
352,1630975,1943,257.0,9.0,https://www.ndk.cz/view/uuid:6a692570-6def-11dd-a958-000d606f5dc6?page=uuid:2920557f-0afc-4a1f-a54d-b6a1f56ed0df
353,1631020,1938,96.0,2.0,https://www.ndk.cz/view/uuid:2d018d00-3ba2-11dd-ae5c-000d606f5dc6?page=uuid:5dd2b85b-4730-4ee6-8127-4ce1902db25a
354,1631025,1938,593.0,1.0,https://www.ndk.cz/view/uuid:ce9209e0-75c4-11dd-8ce2-000d606f5dc6?page=uuid:fdf46ec2-7c41-42d1-abe8-b2e1d480e60d
355,1631033,1939,533.0,9.0,https://www.ndk.cz/view/uuid:0ed0f700-53d8-11dd-90a4-000d606f5dc6?page=uuid:56fbf9bd-abea-4a79-965a-fbeb4c90a218
356,1631125,1936,40.0,1.0,https://www.ndk.cz/view/uuid:5a9cc070-3942-11dd-9c42-000d606f5dc6?page=uuid:c9568189-5b17-4d79-b355-41092cf27b88
357,1631132,1939,605.0,9.0,https://www.ndk.cz/view/uuid:4b8d24a0-53da-11dd-ad0a-000d606f5dc6?page=uuid:dad6ebcb-5250-4fc3-82f6-fd179bf5eaf0
358,1631133,1935,636.0,9.0,https://www.ndk.cz/view/uuid:57a17430-269e-11dd-8c2e-000d606f5dc6?page=uuid:c6118160-0eb2-4003-bdc6-7e7fb88b9ce9
359,1631138,1938,105.0,7.0,https://www.ndk.cz/view/uuid:142d2b10-3ba5-11dd-9441-000d606f5dc6?page=uuid:29a0113e-c211-4ad7-af8f-e0c63a87436c
360,1631143,1936,66.0,1.0,https://www.ndk.cz/view/uuid:3b7a66d0-268b-11dd-8197-000d606f5dc6?page=uuid:fc55e0ef-1b35-4759-9fc4-afa05b5ddd0f
361,1631144,1936,113.0,2.0,https://www.ndk.cz/view/uuid:659f74e0-2cb3-11dd-8e25-000d606f5dc6?page=uuid:e40d97c0-c882-4d62-bac2-fdb918c54ee2
362,1631146,1935,13.0,2.0,https://www.ndk.cz/view/uuid:07bfd960-1c5e-11dd-bc3f-000d606f5dc6?page=uuid:f0c456c7-c592-4a71-b239-15732303b382
363,1631147,1935,614.0,3.0,https://www.ndk.cz/view/uuid:d49d2ad0-2697-11dd-915d-000d606f5dc6?page=uuid:4393e6f0-73ef-46db-8a42-253cc6fa456f
364,1631251,1934,134.0,9.0,https://www.ndk.cz/view/uuid:b6d7cc20-114e-11dd-85d2-000d606f5dc6?page=uuid:e9505173-feb6-49e2-b05d-9d42c75a5f1f
365,1631338,1903,34.0,3.0,https://www.ndk.cz/view/uuid:b7a50e93-435d-11dd-b505-00145e5790ea?page=uuid:4595cdf3-1378-45ea-9a47-99e303279655
366,1631348,1929,290.0,7.0,https://www.ndk.cz/view/uuid:5714e8e0-8c51-11dc-8ed6-000d606f5dc6?page=uuid:8b57b413-4f0b-445a-bd39-45cd4d24d413
367,1631546,1902,38.0,3.0,https://www.ndk.cz/view/uuid:b7af6eeb-435d-11dd-b505-00145e5790ea?page=uuid:b3e85bf6-660b-4611-8de1-dfb7685e1846
368,1631636,1928,309.0,9.0,https://www.ndk.cz/view/uuid:96547660-8bed-11dc-8325-000d606f5dc6?page=uuid:10db14d6-340a-4a93-914f-cbfa7a520723
369,1631638,1909,181.0,2.0,https://www.ndk.cz/view/uuid:c0f05c11-435d-11dd-b505-00145e5790ea?page=uuid:d67863c8-5ed0-4826-b5a1-fbe0517beb6d
370,1631736,1944,98.0,5.0,https://www.ndk.cz/view/uuid:576538d0-6e0b-11dd-be4a-000d606f5dc6?page=uuid:198dcbd5-534f-47cf-bec7-2b6f59f86ba0
371,1631749,1938,288.0,7.0,https://www.ndk.cz/view/uuid:e6192680-7d70-11dd-8d08-000d606f5dc6?page=uuid:89f08b1a-6bfd-4022-b3e0-69d4b69454c9
372,1631749,1938,288.0,7.0,https://www.ndk.cz/view/uuid:c3daf9e0-7d70-11dd-a128-000d606f5dc6?page=uuid:b9b1c920-19e8-4572-a4aa-badfc894ee30
373,1639382,1938,288.0,7.0,https://www.ndk.cz/view/uuid:e6192680-7d70-11dd-8d08-000d606f5dc6?page=uuid:89f08b1a-6bfd-4022-b3e0-69d4b69454c9
374,1639382,1938,288.0,7.0,https://www.ndk.cz/view/uuid:c3daf9e0-7d70-11dd-a128-000d606f5dc6?page=uuid:b9b1c920-19e8-4572-a4aa-badfc894ee30
375,1631770,1938,58.0,4.0,https://www.ndk.cz/view/uuid:167049d0-3b90-11dd-8f44-000d606f5dc6?page=uuid:a30e745d-38f6-4c02-bd80-757cc71fd318
376,1631819,1943,291.0,5.0,https://www.ndk.cz/view/uuid:51c83290-7524-11dd-b841-000d606f5dc6?page=uuid:b2de8e04-d108-4093-9475-c1c4c54df2a3
377,1631820,1943,153.0,5.0,https://www.ndk.cz/view/uuid:21fa4710-6d04-11dd-acf6-000d606f5dc6?page=uuid:1a70f332-f14d-48d4-a01f-eb3af3299fd2
378,1631858,1939,607.0,5.0,https://www.ndk.cz/view/uuid:fe217920-53dc-11dd-a80c-000d606f5dc6?page=uuid:efdc627b-8457-4126-8d04-34ed946ec454
379,1631870,1943,290.0,7.0,https://www.ndk.cz/view/uuid:13a68c10-7523-11dd-8fb3-000d606f5dc6?page=uuid:007184da-3a52-4e77-b14a-44e2edd5fe52
380,1631878,1945,28.0,2.0,https://www.ndk.cz/view/uuid:5edd9130-63f1-11dd-b7d0-000d606f5dc6?page=uuid:75426b3d-f3bf-4176-ae5b-d62b20d34b02
381,1631903,1938,586.0,2.0,https://www.ndk.cz/view/uuid:11239500-75c3-11dd-8699-000d606f5dc6?page=uuid:c912e61b-e888-44b9-a9df-7372aa3594a3
382,1631930,1919,159.0,2.0,https://www.ndk.cz/view/uuid:268b2da0-61e6-11dc-bf59-000d606f5dc6?page=uuid:57d8fc07-4ac4-4b6a-9fed-ad2ecf429c52
383,1632041,1936,512.0,5.0,https://www.ndk.cz/view/uuid:73a69190-378f-11dd-a8f2-000d606f5dc6?page=uuid:47086bed-1f6d-4e05-a2ff-59a8d9cbd7d6
384,1632044,1936,274.0,1.0,https://www.ndk.cz/view/uuid:8b3ff680-2e4c-11dd-8fa7-000d606f5dc6?page=uuid:4a566c0b-1b70-4376-9c8e-2471e2e9ba4d
385,1632044,1936,274.0,1.0,https://www.ndk.cz/view/uuid:b0c36310-2e4c-11dd-bb35-000d606f5dc6?page=uuid:f3a7e495-77d4-43cf-98f4-b8401d1f670c
386,1632050,1918,190.0,1.0,https://www.ndk.cz/view/uuid:257d8e30-61e6-11dc-b3d5-000d606f5dc6?page=uuid:716171a0-fec2-4530-b4f8-9c6fc68bb2fa
387,1632081,1918,351.0,3.0,https://www.ndk.cz/view/uuid:25a64be0-61e6-11dc-8474-000d606f5dc6?page=uuid:8085fc15-b7ea-47dc-a9e2-0967975b3988
388,1632082,1918,288.0,2.0,https://www.ndk.cz/view/uuid:25a1b800-61e6-11dc-ae7a-000d606f5dc6?page=uuid:107fdb51-7ca4-47b3-8907-918ac3d65f46
389,1632150,1924,28.0,4.0,https://www.ndk.cz/view/uuid:21ada700-83ff-11dc-8be1-000d606f5dc6?page=uuid:761a3a64-5e51-45a5-8608-e925497f39c4
390,1632184,1944,56.0,5.0,https://www.ndk.cz/view/uuid:1d109a10-7aa6-11dd-a6cd-000d606f5dc6?page=uuid:d132a1fa-e364-4866-a336-9997d9a837d4
391,1632234,1943,185.0,7.0,https://www.ndk.cz/view/uuid:e7c4ffa0-72d9-11dd-ae67-000d606f5dc6?page=uuid:a59af9a4-d4f1-4c4f-bd74-7ea770da53dd
392,1632237,1943,38.0,7.0,https://www.ndk.cz/view/uuid:2314b680-7290-11dd-a60f-000d606f5dc6?page=uuid:3609ec79-67a0-40f5-9e66-21bd19e6644d
393,1632237,1943,38.0,7.0,https://www.ndk.cz/view/uuid:23194a60-7290-11dd-8a33-000d606f5dc6?page=uuid:d3aeb5b4-674f-4145-a901-087b63732b35
394,1632390,1943,46.0,4.0,https://www.ndk.cz/view/uuid:bc89ef00-7296-11dd-acb8-000d606f5dc6?page=uuid:4fb5ff08-d6ec-4a3a-9ee6-d1fda2f21132
395,1632390,1943,46.0,4.0,https://www.ndk.cz/view/uuid:bc799b50-7296-11dd-bd4d-000d606f5dc6?page=uuid:f107b5c2-291f-4394-8ecb-56313b78dc0c
396,1639249,1943,46.0,4.0,https://www.ndk.cz/view/uuid:bc89ef00-7296-11dd-acb8-000d606f5dc6?page=uuid:4fb5ff08-d6ec-4a3a-9ee6-d1fda2f21132
397,1639249,1943,46.0,4.0,https://www.ndk.cz/view/uuid:bc799b50-7296-11dd-bd4d-000d606f5dc6?page=uuid:f107b5c2-291f-4394-8ecb-56313b78dc0c
398,1632428,1938,448.0,2.0,https://www.ndk.cz/view/uuid:5f6ff710-79f3-11dd-891d-000d606f5dc6?page=uuid:e6f92597-3810-4b7c-9655-e676e4c40512
399,1632445,1939,616.0,2.0,https://www.ndk.cz/view/uuid:ac7b5b70-53e3-11dd-b4e4-000d606f5dc6?page=uuid:030ff3d6-af32-44af-93e5-9e871a939d67
400,1632465,1901,286.0,2.0,https://www.ndk.cz/view/uuid:b7b3dbff-435d-11dd-b505-00145e5790ea?page=uuid:067a7e55-f95c-43f0-aa8a-8cf14e71270a
401,1632472,1939,264.0,1.0,https://www.ndk.cz/view/uuid:e4092690-5310-11dd-b8ad-000d606f5dc6?page=uuid:caf67fe7-be4d-43a1-a298-02fefafbb82a
402,1632473,1939,277.0,3.0,https://www.ndk.cz/view/uuid:71e9d0e0-532f-11dd-b0b8-000d606f5dc6?page=uuid:97f46931-26c9-489b-95bb-628521f61384
403,1632507,1935,625.0,1.0,https://www.ndk.cz/view/uuid:12fff900-2699-11dd-b02b-000d606f5dc6?page=uuid:34fe59af-3a74-4eca-8a1e-4c4fd3c7b565
404,1632507,1935,625.0,1.0,https://www.ndk.cz/view/uuid:f368c920-269b-11dd-8789-000d606f5dc6?page=uuid:7037f559-cb47-4de6-bcc4-ead0012a3502
405,1632573,1943,35.0,7.0,https://www.ndk.cz/view/uuid:0990fb60-728b-11dd-a7c8-000d606f5dc6?page=uuid:6576edf4-f9a7-42a0-98ac-3e0768c90a43
406,1632604,1945,72.0,2.0,https://www.ndk.cz/view/uuid:6c6f7a60-63f7-11dd-a2f1-000d606f5dc6?page=uuid:079d29bd-3f18-4858-9730-a5175ddee20e
407,1632657,1941,565.0,10.0,https://www.ndk.cz/view/uuid:f52c0c20-6ce8-11dd-8138-000d606f5dc6?page=uuid:2870a8ba-fed0-4e7b-bc45-6fd1ce6a4ee7
408,1632698,1909,28.0,5.0,https://www.ndk.cz/view/uuid:c1093b3c-435d-11dd-b505-00145e5790ea?page=uuid:750be9aa-e7e4-4bf4-9478-79b8c6e3577c
409,1632797,1938,64.0,7.0,https://www.ndk.cz/view/uuid:57884cf0-3b91-11dd-98b6-000d606f5dc6?page=uuid:5cf77a27-f91c-4492-96c8-9f31565e527d
410,1632827,1919,39.0,1.0,https://www.ndk.cz/view/uuid:268205e0-61e6-11dc-ac05-000d606f5dc6?page=uuid:efb863ab-2429-443f-9ddf-39f8447c91e0
411,1632844,1903,127.0,3.0,https://www.ndk.cz/view/uuid:b79dbbfa-435d-11dd-b505-00145e5790ea?page=uuid:75459ff6-91f3-4835-b3bf-960b2f146ed6
412,1632940,1944,8.0,5.0,https://www.ndk.cz/view/uuid:ddfc1dc0-7b15-11dd-bc95-000d606f5dc6?page=uuid:b21e81b5-4690-4904-a9b6-d87e65c5ba48
413,1632954,1943,313.0,9.0,https://www.ndk.cz/view/uuid:3f8102c0-6f4c-11dd-9635-000d606f5dc6?page=uuid:70ce2951-b18f-4106-86f6-65dcfaa9644e
414,1632954,1943,313.0,9.0,https://www.ndk.cz/view/uuid:a3fa40a0-6f4b-11dd-99f1-000d606f5dc6?page=uuid:f345e5f8-44dd-4242-8b72-bbfc88ccd804
415,1632993,1943,177.0,2.0,https://www.ndk.cz/view/uuid:ef1bfb70-72d2-11dd-bd98-000d606f5dc6?page=uuid:2854e17a-eb9a-48d2-bbd3-69047f58c548
416,1632993,1943,177.0,2.0,https://www.ndk.cz/view/uuid:d7ee4c00-72d2-11dd-87a1-000d606f5dc6?page=uuid:42f199ee-aec9-4dc1-a0a0-5cffff759693
417,1633057,1938,503.0,2.0,https://www.ndk.cz/view/uuid:1c91a450-3d14-11dd-9881-000d606f5dc6?page=uuid:a9316792-d93d-4c4e-ba7a-2e5ef8b40cc1
418,1633072,1917,255.0,1.0,https://www.ndk.cz/view/uuid:518810b0-7328-11dc-8a6b-000d606f5dc6?page=uuid:67aaac40-1e9a-473c-8d21-b48216f117fd
419,1633121,1919,351.0,6.0,https://www.ndk.cz/view/uuid:26aa2750-61e6-11dc-894c-000d606f5dc6?page=uuid:708fac5f-c2c2-4616-b290-0d760cb5ba08
420,1633154,1938,54.0,2.0,https://www.ndk.cz/view/uuid:b504bcf0-3b97-11dd-9ed6-000d606f5dc6?page=uuid:4a40ba06-b765-4488-9eec-eaed19f169c6
421,1633185,1944,161.0,2.0,https://www.ndk.cz/view/uuid:b1e93ac0-7b82-11dd-b397-000d606f5dc6?page=uuid:be1eb195-f715-4bc8-97d7-b4487100da55
422,1633197,1944,126.0,1.0,https://www.ndk.cz/view/uuid:4464a2c0-7ab8-11dd-a57f-000d606f5dc6?page=uuid:717abca2-67d3-4a06-be2a-d0ccffb1af5e
423,1633197,1944,126.0,1.0,https://www.ndk.cz/view/uuid:54bf3090-7ab8-11dd-9846-000d606f5dc6?page=uuid:d9a17837-2d3a-49f7-84eb-5b77b2703619
424,1633197,1944,126.0,1.0,https://www.ndk.cz/view/uuid:139d4cf0-7ab8-11dd-a415-000d606f5dc6?page=uuid:25f94e74-1406-4158-90db-b660893a299c
425,1633212,1909,207.0,1.0,https://www.ndk.cz/view/uuid:c11940f3-435d-11dd-b505-00145e5790ea?page=uuid:13c67293-e028-4d52-88d0-6b98b65e07e3
426,1633258,1941,29.0,9.0,https://www.ndk.cz/view/uuid:083477d0-493a-11dd-be39-000d606f5dc6?page=uuid:7f701ff4-cd76-44d8-961c-9011804ffb8a
427,1633306,1919,130.0,1.0,https://www.ndk.cz/view/uuid:2675d0e0-61e6-11dc-9e59-000d606f5dc6?page=uuid:8fff44f9-0159-44b1-9e85-1344adaf3687
428,1633473,1919,226.0,1.0,https://www.ndk.cz/view/uuid:263a4e80-61e6-11dc-bfb1-000d606f5dc6?page=uuid:6893cd4f-531b-4b2a-b703-9f2e6527d6d5
429,1633473,1919,226.0,1.0,https://www.ndk.cz/view/uuid:263a4e80-61e6-11dc-9aee-000d606f5dc6?page=uuid:a552757c-855a-4cb2-bdf1-9ea2a6048a4b
430,1633540,1939,107.0,7.0,https://www.ndk.cz/view/uuid:84d98a90-5255-11dd-9dd1-000d606f5dc6?page=uuid:c5488d06-998c-4b83-91ed-0e86a69695a3
431,1633633,1935,148.0,7.0,https://www.ndk.cz/view/uuid:abf89650-1dbe-11dd-b7e6-000d606f5dc6?page=uuid:d5bc8813-22df-4938-945a-d6b30b0f0cb0
432,1633635,1901,140.0,2.0,https://www.ndk.cz/view/uuid:b7be150a-435d-11dd-b505-00145e5790ea?page=uuid:eee47e64-1442-4bdc-90d7-38a35acfad58
433,1633638,1935,451.0,7.0,https://www.ndk.cz/view/uuid:3aeb2490-25da-11dd-9f75-000d606f5dc6?page=uuid:ee9214ef-e0c6-411d-8fe9-3df9a82106a9
434,1633642,1935,628.0,8.0,https://www.ndk.cz/view/uuid:294dc860-269c-11dd-84b8-000d606f5dc6?page=uuid:be0a5a3c-6a53-4427-bc21-2ac3f68d2b7c
435,1633643,1935,1.0,9.0,https://www.ndk.cz/view/uuid:123bf0b0-1c5c-11dd-ab44-000d606f5dc6?page=uuid:2b31ef1d-1a38-4531-83a0-758f0af4fa82
436,1633654,1919,324.0,11.0,https://www.ndk.cz/view/uuid:269bf680-61e6-11dc-9048-000d606f5dc6?page=uuid:2c035851-326f-4006-8369-e813fba572f2
437,1638825,1939,546.0,9.0,https://www.ndk.cz/view/uuid:5b318c60-53db-11dd-8e4b-000d606f5dc6?page=uuid:9f4d289b-6bc4-45a6-9abd-2e17eb183fff
438,1639115,1901,110.0,2.0,https://www.ndk.cz/view/uuid:b7bc191c-435d-11dd-b505-00145e5790ea?page=uuid:e3247a53-2f1f-4dce-9526-048d9a51d7e8
439,1639214,1936,493.0,3.0,https://www.ndk.cz/view/uuid:a0eed6f0-3788-11dd-abcf-000d606f5dc6?page=uuid:b6c5de36-6edb-4a20-8245-f8536546bb4b
440,1639218,1917,336.0,1.0,https://www.ndk.cz/view/uuid:08339420-75e9-11dc-bf94-000d606f5dc6?page=uuid:df124912-2c65-4b30-bed0-dea715181cda
441,1639242,1943,211.0,7.0,https://www.ndk.cz/view/uuid:118c9040-6dd1-11dd-ada2-000d606f5dc6?page=uuid:77582dff-8145-46be-8f45-7eed1f10cd14
442,1639243,1932,578.0,7.0,https://www.ndk.cz/view/uuid:684c1860-ad3d-11dc-9145-000d606f5dc6?page=uuid:9342a4b2-d3ec-4eea-ac5f-8908bc1689f5
443,1639252,1901,265.0,2.0,https://www.ndk.cz/view/uuid:b7b89653-435d-11dd-b505-00145e5790ea?page=uuid:35630a1c-8537-4ef6-ac29-5ef76ce202f0
444,1639254,1901,295.0,2.0,https://www.ndk.cz/view/uuid:b7b42a28-435d-11dd-b505-00145e5790ea?page=uuid:d14ebb3e-d703-4023-94a5-f33e7aeb1f17
445,1639416,1935,648.0,4.0,https://www.ndk.cz/view/uuid:4a6cfe30-26a1-11dd-a02b-000d606f5dc6?page=uuid:5b646425-736a-429a-b226-19194dc5a379
446,1640580,1943,213.0,7.0,https://www.ndk.cz/view/uuid:dd0a11c0-6dd1-11dd-9ba3-000d606f5dc6?page=uuid:c8690ed3-9758-4b7e-85d3-d3b5339d9a4e
447,1640580,1943,213.0,7.0,https://www.ndk.cz/view/uuid:1cde3fb0-6dd2-11dd-91e3-000d606f5dc6?page=uuid:c793a370-7c8f-40f0-b8b6-33fca6de5338
448,1640580,1943,213.0,7.0,https://www.ndk.cz/view/uuid:028f7a20-6dd2-11dd-a152-000d606f5dc6?page=uuid:9ea64813-408f-41a1-8418-0899c8a1ec38
449,1641510,1938,159.0,7.0,https://www.ndk.cz/view/uuid:b8b669a0-4995-11dd-8eaa-000d606f5dc6?page=uuid:8ccf185c-4cb9-448f-aab2-5255de2b34b8
450,1647904,1938,159.0,7.0,https://www.ndk.cz/view/uuid:b8b669a0-4995-11dd-8eaa-000d606f5dc6?page=uuid:8ccf185c-4cb9-448f-aab2-5255de2b34b8
451,1641566,1938,306.0,7.0,https://www.ndk.cz/view/uuid:18efd020-7d78-11dd-bf92-000d606f5dc6?page=uuid:f786d204-0391-473c-bc40-7da77c539a03
452,1642047,1941,23.0,2.0,https://www.ndk.cz/view/uuid:39f56550-4939-11dd-8b8e-000d606f5dc6?page=uuid:0c921bd6-9eda-4197-8eae-47295c8b7d0d
453,1642158,1930,33.0,7.0,https://www.ndk.cz/view/uuid:003c9370-968c-11dc-9bd9-000d606f5dc6?page=uuid:fd989a81-f266-425d-a17c-87aaa1859cff
454,1642160,1930,55.0,7.0,https://www.ndk.cz/view/uuid:524a4430-9693-11dc-8bd3-000d606f5dc6?page=uuid:24c1e78e-a038-4a1f-af27-752cffe2b7d4
455,1642168,1930,127.0,7.0,https://www.ndk.cz/view/uuid:5fca0e50-940f-11dc-b26f-000d606f5dc6?page=uuid:5c11e84a-6d7c-44aa-935c-0a806232f85e
456,1642169,1930,136.0,7.0,https://www.ndk.cz/view/uuid:51a82b10-9412-11dc-b7b3-000d606f5dc6?page=uuid:487e0cd3-0d73-4cab-8074-d15019909deb
457,1642172,1930,162.0,7.0,https://www.ndk.cz/view/uuid:1e31ac10-9418-11dc-a432-000d606f5dc6?page=uuid:39a2de14-bec1-4416-bc67-25f5f9b53627
458,1642227,1930,471.0,7.0,https://www.ndk.cz/view/uuid:82af7b80-9801-11dc-8136-000d606f5dc6?page=uuid:5f9db721-d4a0-4c35-83a7-8625098c4075
459,1642230,1930,499.0,5.0,https://www.ndk.cz/view/uuid:02f8d8b0-980a-11dc-be68-000d606f5dc6?page=uuid:1cea0a76-6564-48ae-b1eb-d38be6e74d2a
460,1643265,1901,157.0,2.0,https://www.ndk.cz/view/uuid:b7b9a7d0-435d-11dd-b505-00145e5790ea?page=uuid:67ce5fdf-b49f-421f-8dee-68766844190c
461,1646994,1901,157.0,2.0,https://www.ndk.cz/view/uuid:b7b9a7d0-435d-11dd-b505-00145e5790ea?page=uuid:67ce5fdf-b49f-421f-8dee-68766844190c
462,1643548,1945,65.0,2.0,https://www.ndk.cz/view/uuid:6b192ea0-63f6-11dd-9754-000d606f5dc6?page=uuid:480889ba-585f-4010-84ed-45d51091fc5b
463,1643801,1901,86.0,6.0,https://www.ndk.cz/view/uuid:b7bb2ea4-435d-11dd-b505-00145e5790ea?page=uuid:107c298b-6dcd-4fe5-8ffb-ea9e97f5be9a
464,1643802,1901,80.0,6.0,https://www.ndk.cz/view/uuid:b7c08647-435d-11dd-b505-00145e5790ea?page=uuid:912326cb-32d1-418b-9ee9-146a0a318979
465,1643803,1901,80.0,6.0,https://www.ndk.cz/view/uuid:b7c08647-435d-11dd-b505-00145e5790ea?page=uuid:912326cb-32d1-418b-9ee9-146a0a318979
466,1643817,1901,192.0,6.0,https://www.ndk.cz/view/uuid:b7bab963-435d-11dd-b505-00145e5790ea?page=uuid:1c81a4f7-dbd3-4815-a67e-ac4a9d095890
467,1643890,1901,244.0,6.0,https://www.ndk.cz/view/uuid:b7b7d2ee-435d-11dd-b505-00145e5790ea?page=uuid:b4179dc0-c771-46d5-a908-ff0458023a0b
468,1643897,1903,179.0,6.0,https://www.ndk.cz/view/uuid:b79f8fec-435d-11dd-b505-00145e5790ea?page=uuid:b76ce202-b1d0-4f91-8ca4-8af47be0f98b
469,1643898,1903,176.0,2.0,https://www.ndk.cz/view/uuid:b79f68d9-435d-11dd-b505-00145e5790ea?page=uuid:3c761a0a-5712-41f3-8a34-bdcf51a69fd3
470,1643900,1903,209.0,6.0,https://www.ndk.cz/view/uuid:ba14d68b-435d-11dd-b505-00145e5790ea?page=uuid:fd50fa4e-1f3c-42d7-aedb-2db0f1befb53
471,1643976,1903,275.0,6.0,https://www.ndk.cz/view/uuid:b79b71c5-435d-11dd-b505-00145e5790ea?page=uuid:b1b34d40-1fe2-4c5e-9b1f-804e722b48d8
472,1643978,1903,299.0,8.0,https://www.ndk.cz/view/uuid:b797eef3-435d-11dd-b505-00145e5790ea?page=uuid:8c62120c-bd4d-4d29-b135-6acb203f398c
473,1643979,1903,299.0,8.0,https://www.ndk.cz/view/uuid:b797eef3-435d-11dd-b505-00145e5790ea?page=uuid:8c62120c-bd4d-4d29-b135-6acb203f398c
474,1643983,1901,143.0,6.0,https://www.ndk.cz/view/uuid:b7be3c1d-435d-11dd-b505-00145e5790ea?page=uuid:a1d489cf-20bb-4302-99c4-a01bbcee2b5c
475,1644095,1901,153.0,6.0,https://www.ndk.cz/view/uuid:b7b980bc-435d-11dd-b505-00145e5790ea?page=uuid:e1b0b34c-07ee-4368-895a-218db5f22732
476,1644616,1936,457.0,3.0,https://www.ndk.cz/view/uuid:23be0e00-36c8-11dd-b3d9-000d606f5dc6?page=uuid:790c8596-f5eb-4534-9a2e-2867fadf6d0f
477,1644617,1936,535.0,5.0,https://www.ndk.cz/view/uuid:e3b58460-379d-11dd-9dd4-000d606f5dc6?page=uuid:048efb23-397f-4de9-b17e-bc75f07a0d25
478,1644620,1936,390.0,6.0,https://www.ndk.cz/view/uuid:4b6b5690-30c1-11dd-bb87-000d606f5dc6?page=uuid:c489cfb2-df78-4a11-ad7a-eaef4e843c07
479,1644818,1941,440.0,5.0,https://www.ndk.cz/view/uuid:88c147f0-6a02-11dd-af54-000d606f5dc6?page=uuid:f8aa7828-3997-40bf-8086-fcec20e1c837
480,1644995,1941,158.0,4.0,https://www.ndk.cz/view/uuid:3e15ceb0-6eb7-11dd-a785-000d606f5dc6?page=uuid:ab36eb4d-72aa-433a-a962-72e1a7bb9dd9
481,1644997,1941,504.0,8.0,https://www.ndk.cz/view/uuid:14549e70-6af3-11dd-b8d2-000d606f5dc6?page=uuid:d80003ba-b5a3-40ab-811d-2c687b728059
482,1645352,1938,236.0,4.0,https://www.ndk.cz/view/uuid:99766e30-7f11-11dd-850c-000d606f5dc6?page=uuid:a09f47b0-2416-47f7-8fa3-62783e4647ab
483,1645355,1938,78.0,3.0,https://www.ndk.cz/view/uuid:8b43d0f0-3b9b-11dd-a38d-000d606f5dc6?page=uuid:2c6dd3cd-6529-40d4-a75d-5add98b758c3
484,1645365,1902,146.0,6.0,https://www.ndk.cz/view/uuid:b7ab9df2-435d-11dd-b505-00145e5790ea?page=uuid:e6ae5408-d451-46c3-a513-23a723c06d9c
485,1645366,1902,146.0,2.0,https://www.ndk.cz/view/uuid:b7ab9df2-435d-11dd-b505-00145e5790ea?page=uuid:d8dbb49e-32de-47ab-a13a-bba1a17dcb5b
486,1645458,1902,110.0,2.0,https://www.ndk.cz/view/uuid:bad62a66-435d-11dd-b505-00145e5790ea?page=uuid:e2d250c3-2983-4b25-b4db-5f5e2e386c26
487,1645597,1902,197.0,6.0,https://www.ndk.cz/view/uuid:b7a92daa-435d-11dd-b505-00145e5790ea?page=uuid:daa89c9d-d3cc-4dac-a702-5bb1f081a278
488,1645602,1902,197.0,6.0,https://www.ndk.cz/view/uuid:b7a92daa-435d-11dd-b505-00145e5790ea?page=uuid:daa89c9d-d3cc-4dac-a702-5bb1f081a278
489,1645599,1902,203.0,6.0,https://www.ndk.cz/view/uuid:b7a954c0-435d-11dd-b505-00145e5790ea?page=uuid:f7c73a12-0100-41f1-b7c0-675b4e510da9
490,1645603,1902,203.0,6.0,https://www.ndk.cz/view/uuid:b7a954c0-435d-11dd-b505-00145e5790ea?page=uuid:f7c73a12-0100-41f1-b7c0-675b4e510da9
491,1645604,1902,209.0,6.0,https://www.ndk.cz/view/uuid:b7a97bd6-435d-11dd-b505-00145e5790ea?page=uuid:3541c2f6-6338-4d58-a0b0-85558cac9c08
492,1645614,1904,69.0,2.0,https://www.ndk.cz/view/uuid:b7935adb-435d-11dd-b505-00145e5790ea?page=uuid:0c2296ed-f734-45a9-a76f-e3843050b12c
493,1645615,1904,69.0,6.0,https://www.ndk.cz/view/uuid:b7935adb-435d-11dd-b505-00145e5790ea?page=uuid:6764d915-0f67-493e-8d87-7829a9685234
494,1645618,1902,282.0,2.0,https://www.ndk.cz/view/uuid:b7a7f506-435d-11dd-b505-00145e5790ea?page=uuid:d0f99c79-305b-4159-9df9-cfb8f0ef204e
495,1645618,1902,282.0,2.0,https://www.ndk.cz/view/uuid:b7a7f507-435d-11dd-b505-00145e5790ea?page=uuid:53a3471e-08e0-46f0-929e-7e2a60b411cc
496,1645621,1904,92.0,5.0,https://www.ndk.cz/view/uuid:b79508a2-435d-11dd-b505-00145e5790ea?page=uuid:92a85d14-f0a1-47ad-a967-0b406299985a
497,1645661,1904,109.0,4.0,https://www.ndk.cz/view/uuid:b7904e4c-435d-11dd-b505-00145e5790ea?page=uuid:459d211e-4d8a-4a6a-a37f-26fd022ef8ea
498,1645669,1943,203.0,8.0,https://www.ndk.cz/view/uuid:a89d3e10-7378-11dd-92af-000d606f5dc6?page=uuid:f0269be7-fc1c-4cd3-a4ed-fb058809ccc4
499,1645672,1943,55.0,7.0,https://www.ndk.cz/view/uuid:b3629570-729c-11dd-98e4-000d606f5dc6?page=uuid:68cc422c-3695-493f-825f-c9ce5df507fd
500,1645684,1936,113.0,12.0,https://www.ndk.cz/view/uuid:659f74e0-2cb3-11dd-8e25-000d606f5dc6?page=uuid:415f04c5-c604-48b0-98db-b93c48c9edef
501,1646299,1901,139.0,2.0,https://www.ndk.cz/view/uuid:b7be1509-435d-11dd-b505-00145e5790ea?page=uuid:6c5350b5-7921-4d48-ac4a-429fa0e0baa5
502,1646299,1901,139.0,2.0,https://www.ndk.cz/view/uuid:b7be1509-435d-11dd-b505-00145e5790ea?page=uuid:93cec421-3b89-4e5f-a9b6-d6ee088a44ad
503,1646300,1901,141.0,2.0,https://www.ndk.cz/view/uuid:b7be150b-435d-11dd-b505-00145e5790ea?page=uuid:cb1236ef-fb81-47ec-a9a4-245db9dc7ed0
504,1646722,1901,141.0,2.0,https://www.ndk.cz/view/uuid:b7be150b-435d-11dd-b505-00145e5790ea?page=uuid:cb1236ef-fb81-47ec-a9a4-245db9dc7ed0
505,1646640,1942,307.0,2.0,https://www.ndk.cz/view/uuid:d2f2f7c0-73bb-11dd-908d-000d606f5dc6?page=uuid:039c4d82-3003-4918-baea-f81cf9729115
506,1646651,1938,342.0,5.0,https://www.ndk.cz/view/uuid:1da9a470-48cf-11dd-bf50-000d606f5dc6?page=uuid:008d411f-4a7b-42af-bd0d-da3885ba0201
507,1646828,1901,217.0,2.0,https://www.ndk.cz/view/uuid:b7b5d703-435d-11dd-b505-00145e5790ea?page=uuid:89e8042d-b250-47ca-b00d-e41d01bb7cf8
508,1646831,1901,173.0,2.0,https://www.ndk.cz/view/uuid:b7ba1d10-435d-11dd-b505-00145e5790ea?page=uuid:3e506548-32e2-4e42-a5fc-c57689c260e9
509,1647101,1936,452.0,7.0,https://www.ndk.cz/view/uuid:d53c3ef0-36c7-11dd-b448-000d606f5dc6?page=uuid:29410d5b-006a-4f59-b3b7-4817dc59c677
510,1647804,1941,576.0,9.0,https://www.ndk.cz/view/uuid:b01925f0-6ced-11dd-9123-000d606f5dc6?page=uuid:61aba997-1fc4-4af7-8217-59b02db48165
511,1647805,1938,460.0,9.0,https://www.ndk.cz/view/uuid:ee39aa30-7a03-11dd-8a4c-000d606f5dc6?page=uuid:4676052b-7349-4a6e-b83d-c3dae01766e2
512,1648046,1936,109.0,7.0,https://www.ndk.cz/view/uuid:2f716770-280d-11dd-abb1-000d606f5dc6?page=uuid:1abf3dc7-92f4-4d32-aa78-b4be8a9687a1
513,1648048,1936,115.0,9.0,https://www.ndk.cz/view/uuid:c5f94a00-2cb3-11dd-a647-000d606f5dc6?page=uuid:776e4908-9986-4547-9652-86ee5d0bb876
514,1648771,1938,425.0,9.0,https://www.ndk.cz/view/uuid:73da6b40-5248-11dd-bcdf-000d606f5dc6?page=uuid:94c0a724-7be4-4475-b6fd-3feac917cd24
515,1649182,1928,401.0,5.0,https://www.ndk.cz/view/uuid:e7f6af10-8d3c-11dc-9318-000d606f5dc6?page=uuid:94cfde09-95cc-4464-bd62-7f492ecd9686
516,1649703,1904,73.0,2.0,https://www.ndk.cz/view/uuid:b79381ef-435d-11dd-b505-00145e5790ea?page=uuid:f585e440-28ff-447c-8f94-29878f6276d4
517,1650993,1908,14.0,1.0,https://www.ndk.cz/view/uuid:c1237a17-435d-11dd-b505-00145e5790ea?page=uuid:8402246c-f93d-4985-bda0-2e4d1b9b30b8
518,1651000,1908,28.0,1.0,https://www.ndk.cz/view/uuid:c1254ef0-435d-11dd-b505-00145e5790ea?page=uuid:fb1c7656-ea5e-42e1-a86b-214a0fbea656
519,1651000,1908,28.0,1.0,https://www.ndk.cz/view/uuid:c12500cf-435d-11dd-b505-00145e5790ea?page=uuid:172213f3-cd28-4ec5-b2f6-27675f0a443b
520,1655794,1908,76.0,3.0,https://www.ndk.cz/view/uuid:c1232bec-435d-11dd-b505-00145e5790ea?page=uuid:ac247735-e7ca-48d9-a833-e2e076f9d667
521,1655796,1908,78.0,1.0,https://www.ndk.cz/view/uuid:c1235300-435d-11dd-b505-00145e5790ea?page=uuid:196945cf-87b8-4d0e-94ee-03c19cd82fa7
522,1655796,1908,78.0,1.0,https://www.ndk.cz/view/uuid:c1235301-435d-11dd-b505-00145e5790ea?page=uuid:017385c2-93aa-4913-aa31-cbe9911b6516
523,1655809,1908,126.0,2.0,https://www.ndk.cz/view/uuid:c11c9ca8-435d-11dd-b505-00145e5790ea?page=uuid:ebfef473-da0a-496b-9829-fccddeddd4f4
524,1655958,1908,154.0,8.0,https://www.ndk.cz/view/uuid:c119dd46-435d-11dd-b505-00145e5790ea?page=uuid:a8bb1f58-a36f-4c11-bc3e-2b6b6c1de634
525,1655959,1908,158.0,1.0,https://www.ndk.cz/view/uuid:c11a2b6e-435d-11dd-b505-00145e5790ea?page=uuid:9a0950d8-02f9-435b-b1da-20d70d254b7d
526,1655962,1908,163.0,5.0,https://www.ndk.cz/view/uuid:c11a7996-435d-11dd-b505-00145e5790ea?page=uuid:57895937-fd49-4ff2-986a-d72462c24b9f
527,1655964,1908,168.0,1.0,https://www.ndk.cz/view/uuid:c0f42cf7-435d-11dd-b505-00145e5790ea?page=uuid:ac7a36ce-4939-48cc-b4a8-224108aef47b
528,1655972,1908,185.0,3.0,https://www.ndk.cz/view/uuid:c117ba28-435d-11dd-b505-00145e5790ea?page=uuid:f2508832-4dcd-4709-928a-f6b50f92d926
529,1655973,1908,185.0,3.0,https://www.ndk.cz/view/uuid:c117ba28-435d-11dd-b505-00145e5790ea?page=uuid:f2508832-4dcd-4709-928a-f6b50f92d926
530,1655983,1908,211.0,1.0,https://www.ndk.cz/view/uuid:c1d034b5-435d-11dd-b505-00145e5790ea?page=uuid:1f09bcd4-f2c8-46d9-901b-13dba8091cc8
531,1656195,1908,227.0,4.0,https://www.ndk.cz/view/uuid:c1d19461-435d-11dd-b505-00145e5790ea?page=uuid:926204ea-b72b-4967-9369-e5f3cb60f112
532,1656198,1908,236.0,1.0,https://www.ndk.cz/view/uuid:c114facc-435d-11dd-b505-00145e5790ea?page=uuid:4499536a-fe87-4960-be12-495729cf3dca
533,1656206,1908,268.0,1.0,https://www.ndk.cz/view/uuid:c1112afb-435d-11dd-b505-00145e5790ea?page=uuid:8a78b658-244c-4d24-bbdf-d9a884dea42a
534,1656206,1908,268.0,1.0,https://www.ndk.cz/view/uuid:c1112afc-435d-11dd-b505-00145e5790ea?page=uuid:8e3e9768-22c1-4211-aaee-d9341baa6559
535,1656213,1908,291.0,1.0,https://www.ndk.cz/view/uuid:c1143764-435d-11dd-b505-00145e5790ea?page=uuid:fbeb15fc-da1d-4063-831f-58e073f71ec8
536,1658420,1903,6.0,3.0,https://www.ndk.cz/view/uuid:b7a44b27-435d-11dd-b505-00145e5790ea?page=uuid:c7de0952-61f3-4188-b1ee-e599d0a072b8
537,1658453,1903,21.0,5.0,https://www.ndk.cz/view/uuid:b7a4c066-435d-11dd-b505-00145e5790ea?page=uuid:3b973fa4-ae43-452c-a718-753cc4823b3a
538,1658454,1903,23.0,1.0,https://www.ndk.cz/view/uuid:b7a4c068-435d-11dd-b505-00145e5790ea?page=uuid:ec584a51-6855-4513-90f8-8e5dc33964db
539,1658461,1903,74.0,2.0,https://www.ndk.cz/view/uuid:b7a0a170-435d-11dd-b505-00145e5790ea?page=uuid:253cd540-ead7-457a-81b7-594f39b44805
540,1658462,1903,94.0,2.0,https://www.ndk.cz/view/uuid:b7a13dc4-435d-11dd-b505-00145e5790ea?page=uuid:0d6de17a-9257-4583-9a4c-5fa3f1cd821c
541,1658468,1903,176.0,1.0,https://www.ndk.cz/view/uuid:b79f68d9-435d-11dd-b505-00145e5790ea?page=uuid:c7278ab2-e03a-4a55-bb53-45b9e255e459
542,1658481,1903,276.0,5.0,https://www.ndk.cz/view/uuid:b79b71c6-435d-11dd-b505-00145e5790ea?page=uuid:dad11c68-55f0-4559-849f-d510ac4c81ce
543,1658483,1903,294.0,1.0,https://www.ndk.cz/view/uuid:b797c7de-435d-11dd-b505-00145e5790ea?page=uuid:05020cce-692e-403f-8b9e-c31450953530
544,1658487,1916,3.0,1.0,https://www.ndk.cz/view/uuid:26c21c20-61e6-11dc-9ec2-000d606f5dc6?page=uuid:c9cd10ed-479b-4d17-b321-6fdf73f0422e
545,1658495,1916,54.0,1.0,https://www.ndk.cz/view/uuid:29057c70-61e6-11dc-be9f-000d606f5dc6?page=uuid:289c3fd3-5034-4454-a24e-1e20600eed0f
546,1658496,1916,55.0,1.0,https://www.ndk.cz/view/uuid:28fe5080-61e6-11dc-8501-000d606f5dc6?page=uuid:a16e7197-73b5-4436-b045-7f94ab0f7863
547,1658497,1916,55.0,1.0,https://www.ndk.cz/view/uuid:28fe5080-61e6-11dc-8501-000d606f5dc6?page=uuid:a16e7197-73b5-4436-b045-7f94ab0f7863
548,1658498,1916,55.0,3.0,https://www.ndk.cz/view/uuid:29057c70-61e6-11dc-a0fe-000d606f5dc6?page=uuid:68553cb7-9028-423a-987f-faed36d50950
549,1658501,1916,71.0,4.0,https://www.ndk.cz/view/uuid:26da10f0-61e6-11dc-b5b6-000d606f5dc6?page=uuid:893c9223-53d2-41a8-96d7-5d25021c1d13
550,1658502,1916,75.0,2.0,https://www.ndk.cz/view/uuid:fedbce70-61e7-11dc-82a8-000d606f5dc6?page=uuid:2dcac626-bb72-4e5b-b35f-9fb88016feff
551,1658502,1916,75.0,2.0,https://www.ndk.cz/view/uuid:26dc0cc0-61e6-11dc-add0-000d606f5dc6?page=uuid:9c41602c-9e4d-49ab-bb53-018c40d4109a
552,1658503,1916,82.0,4.0,https://www.ndk.cz/view/uuid:26dc0cc0-61e6-11dc-91c9-000d606f5dc6?page=uuid:2d1e646a-3732-4d3c-82c0-7072f185380b
553,1658504,1916,86.0,3.0,https://www.ndk.cz/view/uuid:26dea4d0-61e6-11dc-82ad-000d606f5dc6?page=uuid:12242570-3fe8-48b3-8fed-15c019dd0d4a
554,1658653,1916,94.0,1.0,https://www.ndk.cz/view/uuid:26e115d0-61e6-11dc-b968-000d606f5dc6?page=uuid:cc6903a4-5b54-40d5-8749-ff0cf24570d1
555,1658660,1916,98.0,6.0,https://www.ndk.cz/view/uuid:26d4e0d0-61e6-11dc-92cd-000d606f5dc6?page=uuid:c9b57802-3f28-4e33-ad00-4c7e5d244c57
556,1658661,1916,98.0,6.0,https://www.ndk.cz/view/uuid:26d4e0d0-61e6-11dc-92cd-000d606f5dc6?page=uuid:c9b57802-3f28-4e33-ad00-4c7e5d244c57
557,1658664,1916,104.0,2.0,https://www.ndk.cz/view/uuid:26da10f0-61e6-11dc-9c93-000d606f5dc6?page=uuid:6680a914-2c51-4179-8b32-babfe1e8aa5c
558,1658666,1916,107.0,1.0,https://www.ndk.cz/view/uuid:26da10f0-61e6-11dc-9bc2-000d606f5dc6?page=uuid:d31528d3-13e5-4c00-84a3-711b1209225e
559,1658669,1916,111.0,2.0,https://www.ndk.cz/view/uuid:26dc0cc0-61e6-11dc-97e0-000d606f5dc6?page=uuid:34400704-1f93-4253-9151-e4278783b6df
560,1658671,1916,120.0,2.0,https://www.ndk.cz/view/uuid:26e5a9b0-61e6-11dc-9b9d-000d606f5dc6?page=uuid:f7703fe6-f8f5-46a5-8c7a-7dc0a4a58a3d
561,1658676,1916,136.0,3.0,https://www.ndk.cz/view/uuid:26ead9d0-61e6-11dc-8339-000d606f5dc6?page=uuid:075920b3-024a-459e-a0c4-c5b460e36161
562,1658677,1916,141.0,1.0,https://www.ndk.cz/view/uuid:29565b90-61e6-11dc-9048-000d606f5dc6?page=uuid:4b75a417-55c2-43f8-b8d7-eb0ee084929c
563,1658680,1916,153.0,5.0,https://www.ndk.cz/view/uuid:295d6070-61e6-11dc-8840-000d606f5dc6?page=uuid:986eca34-771c-4562-86c9-a3f469020f13
564,1658702,1916,170.0,3.0,https://www.ndk.cz/view/uuid:296bb850-61e6-11dc-a1fd-000d606f5dc6?page=uuid:6eead14f-ae2a-4a0d-8e9c-6113bcc03b49
565,1658711,1916,214.0,3.0,https://www.ndk.cz/view/uuid:ba6075c0-54e5-11dc-8784-0013e6840575?page=uuid:6660d0da-106d-43d2-bbcc-02a522ba5bbe
566,1658719,1916,228.0,3.0,https://www.ndk.cz/view/uuid:33184fb0-65cb-11dc-b5b2-000d606f5dc6?page=uuid:803f5d6f-83ed-4e7c-a10f-41bb7e1bd9a7
567,1658726,1916,245.0,2.0,https://www.ndk.cz/view/uuid:26ead9d0-61e6-11dc-9521-000d606f5dc6?page=uuid:6cb2551f-a65f-4a96-8c6b-b07c49f67569
568,1658728,1916,249.0,6.0,https://www.ndk.cz/view/uuid:aecbbe40-55b2-11dc-b1fd-0013e6840575?page=uuid:6ca173eb-588b-4a37-a174-6f55595dc068
569,1658730,1916,235.0,1.0,https://www.ndk.cz/view/uuid:62f2e330-83d5-11dc-a1a5-000d606f5dc6?page=uuid:aee299cf-266d-46c0-bad5-f5bdbe63a7cb
570,1658737,1916,281.0,3.0,https://www.ndk.cz/view/uuid:29057c70-61e6-11dc-8222-000d606f5dc6?page=uuid:3f86e79a-7513-4055-8675-dafc9f5b490a
571,1658739,1916,288.0,4.0,https://www.ndk.cz/view/uuid:29ba7490-61e6-11dc-9218-000d606f5dc6?page=uuid:0676d44a-19c5-40de-b756-88e4411a8e35
572,1658742,1916,301.0,4.0,https://www.ndk.cz/view/uuid:290c8150-61e6-11dc-a99d-000d606f5dc6?page=uuid:aa706c3a-1af1-4ee9-bb51-63c7722197d1
573,1658745,1916,318.0,3.0,https://www.ndk.cz/view/uuid:9068bed0-5166-11dc-928b-0013e6840575?page=uuid:6a4c5b0e-2cf6-4286-88fd-66db3e2ee192
574,1658750,1916,334.0,4.0,https://www.ndk.cz/view/uuid:f4fad7b0-516c-11dc-bc03-0013e6840575?page=uuid:362040c9-7a34-497a-9bec-d47a3df2e232
575,1658751,1916,336.0,1.0,https://www.ndk.cz/view/uuid:14186360-516d-11dc-b1b8-0013e6840575?page=uuid:140e57ac-62b5-4ed3-91bc-298fcb2c723a
576,1662230,1931,31.0,7.0,https://www.ndk.cz/view/uuid:9b410a30-aeca-11dc-b6aa-000d606f5dc6?page=uuid:aa3e16f2-25c0-4e00-8d9f-c0bbcb42f718
577,1662255,1931,64.0,1.0,https://www.ndk.cz/view/uuid:372b4750-ae42-11dc-b1da-000d606f5dc6?page=uuid:4374ebdc-4cfd-46ca-9cc1-0465075a9888
578,1662265,1931,83.0,7.0,https://www.ndk.cz/view/uuid:f4170ce0-c045-11dc-aaa6-000d606f5dc6?page=uuid:d2225521-1760-4646-9020-c9854c1c5772
579,1662323,1931,169.0,5.0,https://www.ndk.cz/view/uuid:81d71480-ba3d-11dc-b33d-000d606f5dc6?page=uuid:3f088c70-a159-404e-b860-52cd32b679cf
580,1662419,1931,177.0,2.0,https://www.ndk.cz/view/uuid:07542d70-ba41-11dc-9ee8-000d606f5dc6?page=uuid:08aac03f-961a-4157-8a93-209f0df23947
581,1662433,1931,251.0,3.0,https://www.ndk.cz/view/uuid:bc3f1720-ae45-11dc-bcd3-000d606f5dc6?page=uuid:eaeb1a23-06b0-40bc-8d50-ca79d5c87a81
582,1662435,1931,255.0,4.0,https://www.ndk.cz/view/uuid:359b0d90-ae46-11dc-bb7e-000d606f5dc6?page=uuid:94cb2381-8064-4e27-a90a-88f370e2715f
583,1662443,1931,276.0,3.0,https://www.ndk.cz/view/uuid:7c088a30-aecf-11dc-b6a4-000d606f5dc6?page=uuid:fbe429de-1d3c-4117-8fb7-a17d8e452cd8
584,1662603,1931,224.0,1.0,https://www.ndk.cz/view/uuid:32ee72e0-ae40-11dc-8159-000d606f5dc6?page=uuid:0adafcaa-dfe3-40c3-8630-1841bdd43d9a
585,1662620,1931,327.0,7.0,https://www.ndk.cz/view/uuid:04655d60-ae79-11dc-a326-000d606f5dc6?page=uuid:d61efe1d-a21b-4a6f-9165-9d6ad1243d2c
586,1662963,1931,327.0,7.0,https://www.ndk.cz/view/uuid:04655d60-ae79-11dc-a326-000d606f5dc6?page=uuid:d61efe1d-a21b-4a6f-9165-9d6ad1243d2c
587,1662661,1931,349.0,1.0,https://www.ndk.cz/view/uuid:abc5ffd0-ae7c-11dc-9194-000d606f5dc6?page=uuid:e77a8294-3475-4b15-ba1b-45bbaf96f03c
588,1662699,1931,267.0,7.0,https://www.ndk.cz/view/uuid:fde08e30-ae49-11dc-bcba-000d606f5dc6?page=uuid:cf90fd9c-a306-4d74-9ce1-9eaf5f948874
589,1662741,1931,388.0,7.0,https://www.ndk.cz/view/uuid:9ee6d510-b95c-11dc-8b84-000d606f5dc6?page=uuid:4af4c0cb-b5fb-40fc-b5d4-e834339dcac9
590,1662745,1931,393.0,2.0,https://www.ndk.cz/view/uuid:7d56a640-b95d-11dc-bfa7-000d606f5dc6?page=uuid:2ab8ff79-47a6-4144-a922-fe293d6c586a
591,1662746,1931,393.0,2.0,https://www.ndk.cz/view/uuid:7d56a640-b95d-11dc-bfa7-000d606f5dc6?page=uuid:2ab8ff79-47a6-4144-a922-fe293d6c586a
592,1662747,1931,393.0,2.0,https://www.ndk.cz/view/uuid:7d56a640-b95d-11dc-bfa7-000d606f5dc6?page=uuid:2ab8ff79-47a6-4144-a922-fe293d6c586a
593,1662752,1931,396.0,2.0,https://www.ndk.cz/view/uuid:f3355cd0-b95d-11dc-b21c-000d606f5dc6?page=uuid:ab0c694c-097c-45ba-aff0-23ee50e3ffb2
594,1662753,1931,399.0,7.0,https://www.ndk.cz/view/uuid:01e3a4c0-b95f-11dc-90b5-000d606f5dc6?page=uuid:7b26dc80-ddb0-422f-9145-1cd8a99b95de
595,1662762,1931,429.0,1.0,https://www.ndk.cz/view/uuid:6c6288d0-b963-11dc-a09b-000d606f5dc6?page=uuid:58582563-e85f-408f-b430-0b5ff3e948fe
596,1662767,1931,433.0,7.0,https://www.ndk.cz/view/uuid:b9739460-b964-11dc-9919-000d606f5dc6?page=uuid:350f39a7-e19a-4213-a093-e5f82663f297
597,1662805,1931,455.0,7.0,https://www.ndk.cz/view/uuid:e779ca90-be97-11dc-98ec-000d606f5dc6?page=uuid:9d6f18fd-db5e-4448-8cc2-0310d512c098
598,1662806,1931,455.0,7.0,https://www.ndk.cz/view/uuid:e779ca90-be97-11dc-98ec-000d606f5dc6?page=uuid:9d6f18fd-db5e-4448-8cc2-0310d512c098
599,1662809,1931,459.0,7.0,https://www.ndk.cz/view/uuid:8a694220-be99-11dc-9f49-000d606f5dc6?page=uuid:ef1db1d7-33a7-40c2-ac4e-0ecb551fd848
600,1662904,1931,352.0,2.0,https://www.ndk.cz/view/uuid:eef2a790-ae7c-11dc-a8d9-000d606f5dc6?page=uuid:370d9abf-a689-4131-a48c-5deb755f2ba1
601,1662917,1931,391.0,1.0,https://www.ndk.cz/view/uuid:4aa581d0-b95d-11dc-b2bd-000d606f5dc6?page=uuid:b93bab3a-8ded-48db-9943-aca0acaf0442
602,1662918,1931,391.0,1.0,https://www.ndk.cz/view/uuid:4aa581d0-b95d-11dc-b2bd-000d606f5dc6?page=uuid:b93bab3a-8ded-48db-9943-aca0acaf0442
603,1662930,1931,303.0,1.0,https://www.ndk.cz/view/uuid:2210d320-aed4-11dc-871f-000d606f5dc6?page=uuid:57891dbf-1daf-4f2e-9dd6-23db7528b3c9
604,1662964,1931,332.0,4.0,https://www.ndk.cz/view/uuid:e43003a0-ae79-11dc-86c8-000d606f5dc6?page=uuid:097d8a37-c145-4da3-856b-3ecca2cd4a83
605,1662968,1931,202.0,2.0,https://www.ndk.cz/view/uuid:36bbf300-bae0-11dc-856f-000d606f5dc6?page=uuid:a8ae94cf-004a-4553-8e9d-1c6550853c4c
606,1662979,1931,217.0,5.0,https://www.ndk.cz/view/uuid:2be4e310-bae5-11dc-9029-000d606f5dc6?page=uuid:f5dafcfa-b682-4b2f-aa6b-ab06a773a0ad
607,1662980,1931,217.0,5.0,https://www.ndk.cz/view/uuid:2be4e310-bae5-11dc-9029-000d606f5dc6?page=uuid:f5dafcfa-b682-4b2f-aa6b-ab06a773a0ad
608,1663017,1931,221.0,7.0,https://www.ndk.cz/view/uuid:8e3653d0-ae3f-11dc-ad05-000d606f5dc6?page=uuid:9a5478e8-c38a-4d39-a523-ead5286c671d
609,1663018,1931,221.0,7.0,https://www.ndk.cz/view/uuid:8e3653d0-ae3f-11dc-ad05-000d606f5dc6?page=uuid:9a5478e8-c38a-4d39-a523-ead5286c671d
610,1663031,1931,233.0,5.0,https://www.ndk.cz/view/uuid:3cdb1410-ae41-11dc-9f5b-000d606f5dc6?page=uuid:1c2a4c00-7658-4135-82bc-c4a7e735ccce
611,1663035,1931,235.0,5.0,https://www.ndk.cz/view/uuid:8009b7a0-ae41-11dc-9703-000d606f5dc6?page=uuid:91a19b17-d937-467e-8d63-9b22b312b45c
612,1663036,1931,235.0,5.0,https://www.ndk.cz/view/uuid:8009b7a0-ae41-11dc-9703-000d606f5dc6?page=uuid:91a19b17-d937-467e-8d63-9b22b312b45c
613,1663037,1931,235.0,5.0,https://www.ndk.cz/view/uuid:8009b7a0-ae41-11dc-9703-000d606f5dc6?page=uuid:91a19b17-d937-467e-8d63-9b22b312b45c
614,1663038,1931,235.0,7.0,https://www.ndk.cz/view/uuid:8009b7a0-ae41-11dc-9703-000d606f5dc6?page=uuid:9dcb60d6-3af2-4bd8-be33-f4e775667dae
615,1663042,1931,245.0,1.0,https://www.ndk.cz/view/uuid:a094fcc0-ae44-11dc-88e2-000d606f5dc6?page=uuid:0880aaea-8d90-461f-8fe3-699860b83aee
616,1663107,1931,259.0,5.0,https://www.ndk.cz/view/uuid:5a1ef990-ae48-11dc-a3b0-000d606f5dc6?page=uuid:51fd941a-40e2-4461-b22e-39c670583180
617,1663153,1905,2.0,1.0,https://www.ndk.cz/view/uuid:b7888574-435d-11dd-b505-00145e5790ea?page=uuid:15090495-444e-4352-96c9-2b01f137aeb7
618,1663161,1905,9.0,4.0,https://www.ndk.cz/view/uuid:b885d1b7-435d-11dd-b505-00145e5790ea?page=uuid:86b9c333-386b-415b-ad89-78bdc86f1e64
619,1663162,1905,9.0,4.0,https://www.ndk.cz/view/uuid:b885d1b7-435d-11dd-b505-00145e5790ea?page=uuid:86b9c333-386b-415b-ad89-78bdc86f1e64
620,1663163,1905,12.0,3.0,https://www.ndk.cz/view/uuid:b885d1ba-435d-11dd-b505-00145e5790ea?page=uuid:bbe75e4f-2f9a-4799-9ff7-1c632958b3de
621,1663165,1905,31.0,2.0,https://www.ndk.cz/view/uuid:b887315d-435d-11dd-b505-00145e5790ea?page=uuid:03f23fae-c8b7-40ec-bfc1-654b1e9fc4b0
622,1663174,1905,85.0,4.0,https://www.ndk.cz/view/uuid:b7846790-435d-11dd-b505-00145e5790ea?page=uuid:14bf6586-48f1-4f4e-8425-11c85fed1acb
623,1663178,1905,89.0,4.0,https://www.ndk.cz/view/uuid:b7848ea4-435d-11dd-b505-00145e5790ea?page=uuid:4448c6ca-1e92-4f3a-b9e2-a372b65116a9
624,1663179,1905,89.0,4.0,https://www.ndk.cz/view/uuid:b7848ea4-435d-11dd-b505-00145e5790ea?page=uuid:4448c6ca-1e92-4f3a-b9e2-a372b65116a9
625,1663182,1905,99.0,4.0,https://www.ndk.cz/view/uuid:b784dcce-435d-11dd-b505-00145e5790ea?page=uuid:7872567b-702a-4fd5-8991-631609d382a1
626,1663261,1905,143.0,3.0,https://www.ndk.cz/view/uuid:b7818121-435d-11dd-b505-00145e5790ea?page=uuid:fb5844c9-1f1c-4c6e-883f-bbef340f8d26
627,1663262,1905,143.0,3.0,https://www.ndk.cz/view/uuid:b7818121-435d-11dd-b505-00145e5790ea?page=uuid:fb5844c9-1f1c-4c6e-883f-bbef340f8d26
628,1663265,1905,154.0,5.0,https://www.ndk.cz/view/uuid:b781f65c-435d-11dd-b505-00145e5790ea?page=uuid:ae35b749-a0af-46e0-b98f-e1984643c47c
629,1663269,1905,166.0,5.0,https://www.ndk.cz/view/uuid:b782b9b9-435d-11dd-b505-00145e5790ea?page=uuid:11f2f48e-aec0-4a15-afd8-9545567d0582
630,1663275,1905,192.0,3.0,https://www.ndk.cz/view/uuid:b77e9aab-435d-11dd-b505-00145e5790ea?page=uuid:0bb602bf-565b-448c-8408-5c95c7921258
631,1663281,1905,207.0,5.0,https://www.ndk.cz/view/uuid:b77f0fea-435d-11dd-b505-00145e5790ea?page=uuid:e7ad63ef-4c9b-4090-891d-ee95bfaaa3ea
632,1663282,1905,231.0,2.0,https://www.ndk.cz/view/uuid:b77fac42-435d-11dd-b505-00145e5790ea?page=uuid:fd42d491-8641-4d7c-be65-2e534e477a55
633,1663284,1905,231.0,3.0,https://www.ndk.cz/view/uuid:b77fac42-435d-11dd-b505-00145e5790ea?page=uuid:c7c2ae51-d104-47a6-983e-1738be417fac
634,1663321,1905,233.0,3.0,https://www.ndk.cz/view/uuid:b77fd354-435d-11dd-b505-00145e5790ea?page=uuid:8edf78ef-c51a-4983-b47f-cb607f4570e3
635,1663327,1905,246.0,3.0,https://www.ndk.cz/view/uuid:b77bb43c-435d-11dd-b505-00145e5790ea?page=uuid:55a5feb7-8d37-48f5-9792-eacafdc98b0c
636,1663328,1905,249.0,1.0,https://www.ndk.cz/view/uuid:b77bdb50-435d-11dd-b505-00145e5790ea?page=uuid:8c210611-edc9-454a-ad08-0ebf63807b9f
637,1663332,1905,252.0,3.0,https://www.ndk.cz/view/uuid:b77c0263-435d-11dd-b505-00145e5790ea?page=uuid:3e5d460f-86cc-4d99-b90e-9a3d3a0f320d
638,1663337,1905,261.0,2.0,https://www.ndk.cz/view/uuid:b77c779c-435d-11dd-b505-00145e5790ea?page=uuid:865c2922-b97b-4438-9686-dea947ac4481
639,1663344,1905,283.0,5.0,https://www.ndk.cz/view/uuid:b77d13f3-435d-11dd-b505-00145e5790ea?page=uuid:bda88c16-5296-4141-b723-d4df51726697
640,1663345,1905,289.0,3.0,https://www.ndk.cz/view/uuid:b77d621d-435d-11dd-b505-00145e5790ea?page=uuid:aec187f3-3fae-42fc-b0c4-27783c351ead
641,1666124,1923,78.0,3.0,https://www.ndk.cz/view/uuid:b1a59b60-83d7-11dc-b3ad-000d606f5dc6?page=uuid:f245796e-7a35-4c5d-be8d-f4a861f3ce09
642,1666127,1923,106.0,4.0,https://www.ndk.cz/view/uuid:ad3521f0-8313-11dc-b5d5-000d606f5dc6?page=uuid:b75ee66d-a3bf-489c-97a7-9627affa3cf1
643,1666130,1923,123.0,4.0,https://www.ndk.cz/view/uuid:c8c1ed50-8335-11dc-8f92-000d606f5dc6?page=uuid:53a12521-51ee-479d-a249-437575f3e44c
644,1666131,1923,123.0,4.0,https://www.ndk.cz/view/uuid:c8c1ed50-8335-11dc-8f92-000d606f5dc6?page=uuid:53a12521-51ee-479d-a249-437575f3e44c
645,1666173,1923,177.0,4.0,https://www.ndk.cz/view/uuid:44c75ba0-8625-11dc-a3d6-000d606f5dc6?page=uuid:43c9b0c3-f570-4f7a-ad46-d4b5c43ec811
646,1666174,1923,191.0,1.0,https://www.ndk.cz/view/uuid:943261b0-86b3-11dc-ad2c-000d606f5dc6?page=uuid:775e2a70-9f88-4137-b559-9b878ad003f2
647,1666179,1923,234.0,2.0,https://www.ndk.cz/view/uuid:f2a0e1d0-8614-11dc-91bf-000d606f5dc6?page=uuid:6272f4cb-7d12-4c5b-9111-3381ad164e43
648,1666181,1923,245.0,4.0,https://www.ndk.cz/view/uuid:422086f0-8617-11dc-b3c2-000d606f5dc6?page=uuid:f54492a2-f8c5-45d0-ac0a-6c96d4a28e44
649,1666191,1923,294.0,1.0,https://www.ndk.cz/view/uuid:5d06acb0-8626-11dc-ac25-000d606f5dc6?page=uuid:9f315cdf-bf57-424f-ab0c-bff8fc99bae1
650,1666193,1923,296.0,2.0,https://www.ndk.cz/view/uuid:9860c430-8626-11dc-b0e8-000d606f5dc6?page=uuid:be96f8e4-1b11-4b5a-8717-4fb693a8d9f4
651,1666373,1923,102.0,2.0,https://www.ndk.cz/view/uuid:c2a8e820-83de-11dc-862a-000d606f5dc6?page=uuid:dee13ebf-d3a3-4779-84ac-755bc7558ae0
652,1666393,1923,145.0,5.0,https://www.ndk.cz/view/uuid:8ae54d30-85f4-11dc-afec-000d606f5dc6?page=uuid:6e2db376-1b15-4a2c-8cef-3f07422446bf
653,1668260,1902,9.0,3.0,https://www.ndk.cz/view/uuid:b7b49f67-435d-11dd-b505-00145e5790ea?page=uuid:8c15f207-76bb-47fc-9594-9a6556c9bcfb
654,1668264,1902,22.0,5.0,https://www.ndk.cz/view/uuid:b7b561c4-435d-11dd-b505-00145e5790ea?page=uuid:dad6300b-67f9-4986-937a-b285b2f13cab
655,1668265,1902,27.0,4.0,https://www.ndk.cz/view/uuid:b7b588d9-435d-11dd-b505-00145e5790ea?page=uuid:9d1ff591-e7cd-4b33-907f-bc74e11f2157
656,1668272,1902,59.0,1.0,https://www.ndk.cz/view/uuid:b7b08070-435d-11dd-b505-00145e5790ea?page=uuid:68aff88d-201e-4a5a-ac62-5b95e5b53afe
657,1668296,1902,69.0,2.0,https://www.ndk.cz/view/uuid:b7b0ce9a-435d-11dd-b505-00145e5790ea?page=uuid:f6f7baab-1b0b-4db8-a57a-aad354489044
658,1668302,1902,89.0,1.0,https://www.ndk.cz/view/uuid:b7acfda8-435d-11dd-b505-00145e5790ea?page=uuid:3dbe6593-b4d7-49c1-a070-3ac69ba2ee73
659,1668309,1902,113.0,1.0,https://www.ndk.cz/view/uuid:bad6c6aa-435d-11dd-b505-00145e5790ea?page=uuid:81b19b04-994a-4f56-989a-9d34d347a62c
660,1668313,1902,121.0,2.0,https://www.ndk.cz/view/uuid:b7aada89-435d-11dd-b505-00145e5790ea?page=uuid:4da7d908-8864-4f54-8793-c6a6f622a04c
661,1668352,1902,145.0,1.0,https://www.ndk.cz/view/uuid:b7ab9df1-435d-11dd-b505-00145e5790ea?page=uuid:04d67a68-c5cf-4ef2-bd8e-8b9470301f0c
662,1668353,1902,145.0,5.0,https://www.ndk.cz/view/uuid:b7ab9df1-435d-11dd-b505-00145e5790ea?page=uuid:bd259e22-648a-4d94-9cee-7462442dea8e
663,1668359,1902,167.0,2.0,https://www.ndk.cz/view/uuid:b7ac3a47-435d-11dd-b505-00145e5790ea?page=uuid:dc89f8cc-fa8d-4672-b40a-97b5d40a67a1
664,1668360,1902,169.0,1.0,https://www.ndk.cz/view/uuid:b7ac3a49-435d-11dd-b505-00145e5790ea?page=uuid:c2189e92-f325-443d-9067-b5530244ffbe
665,1668361,1902,170.0,1.0,https://www.ndk.cz/view/uuid:b7ac3a4a-435d-11dd-b505-00145e5790ea?page=uuid:b9016c56-c5f5-46f1-b68c-d1ca26a61013
666,1668362,1902,171.0,2.0,https://www.ndk.cz/view/uuid:b7ac615b-435d-11dd-b505-00145e5790ea?page=uuid:c9b2fc13-d41d-4751-87d0-50bcfb6a5462
667,1668363,1902,172.0,5.0,https://www.ndk.cz/view/uuid:b7ac615c-435d-11dd-b505-00145e5790ea?page=uuid:9cec79b0-16a3-4f1f-baa5-a8914534b25e
668,1668395,1902,195.0,2.0,https://www.ndk.cz/view/uuid:b7a92da8-435d-11dd-b505-00145e5790ea?page=uuid:9e910bdc-d905-4942-a39f-e6a832b6cb7e
669,1668396,1902,198.0,3.0,https://www.ndk.cz/view/uuid:b7a92dab-435d-11dd-b505-00145e5790ea?page=uuid:fa26115f-1209-460e-80bc-9c582f6638a5
670,1668397,1902,200.0,2.0,https://www.ndk.cz/view/uuid:b7a92dad-435d-11dd-b505-00145e5790ea?page=uuid:157cd22e-1064-48dd-82af-9954ded6c96c
671,1668400,1902,204.0,4.0,https://www.ndk.cz/view/uuid:b7a954c1-435d-11dd-b505-00145e5790ea?page=uuid:c25c8355-c184-4bcb-99bd-c84e4c0e43b2
672,1668401,1902,204.0,6.0,https://www.ndk.cz/view/uuid:b7a954c1-435d-11dd-b505-00145e5790ea?page=uuid:b0eda992-c1a2-4584-9ad3-e4dcb8b96787
673,1668402,1902,204.0,6.0,https://www.ndk.cz/view/uuid:b7a954c1-435d-11dd-b505-00145e5790ea?page=uuid:b0eda992-c1a2-4584-9ad3-e4dcb8b96787
674,1668403,1902,206.0,2.0,https://www.ndk.cz/view/uuid:b7a97bd3-435d-11dd-b505-00145e5790ea?page=uuid:bf873dd1-0f0b-4e54-a473-875809cce33b
675,1668404,1902,207.0,1.0,https://www.ndk.cz/view/uuid:b7a97bd4-435d-11dd-b505-00145e5790ea?page=uuid:7af9cf4a-4cc2-4a2c-8663-849bd9bb3b74
676,1668405,1902,207.0,3.0,https://www.ndk.cz/view/uuid:b7a97bd4-435d-11dd-b505-00145e5790ea?page=uuid:7b66c47c-cab0-4920-a789-7ea4210d0756
677,1668406,1902,207.0,3.0,https://www.ndk.cz/view/uuid:b7a97bd4-435d-11dd-b505-00145e5790ea?page=uuid:7b66c47c-cab0-4920-a789-7ea4210d0756
678,1668407,1902,209.0,3.0,https://www.ndk.cz/view/uuid:b7a97bd6-435d-11dd-b505-00145e5790ea?page=uuid:ab48523f-0e12-4ac5-ba9a-2df43641f9a6
679,1668414,1902,219.0,1.0,https://www.ndk.cz/view/uuid:b7a9ca00-435d-11dd-b505-00145e5790ea?page=uuid:dc940437-cbc2-4fcb-893e-6bc90525e061
680,1668415,1902,219.0,1.0,https://www.ndk.cz/view/uuid:b7a9ca00-435d-11dd-b505-00145e5790ea?page=uuid:dc940437-cbc2-4fcb-893e-6bc90525e061
681,1668416,1902,219.0,3.0,https://www.ndk.cz/view/uuid:b7a9ca00-435d-11dd-b505-00145e5790ea?page=uuid:fb630a45-4374-4553-ac07-7bd8e94d405d
682,1668464,1902,222.0,4.0,https://www.ndk.cz/view/uuid:b7a9f013-435d-11dd-b505-00145e5790ea?page=uuid:b41e3657-03f3-4e6e-85d8-62a33c211534
683,1668465,1902,225.0,1.0,https://www.ndk.cz/view/uuid:b7a9f016-435d-11dd-b505-00145e5790ea?page=uuid:936f3a36-56fa-426f-a729-e8ff323f2370
684,1668471,1902,230.0,3.0,https://www.ndk.cz/view/uuid:b7aa172b-435d-11dd-b505-00145e5790ea?page=uuid:2879ad2d-2fdf-4c46-a945-159aa7212e3d
685,1669830,1904,13.0,5.0,https://www.ndk.cz/view/uuid:b7986430-435d-11dd-b505-00145e5790ea?page=uuid:c7b5f72e-b152-4693-a7fd-009070fd6acc
686,1669831,1904,23.0,2.0,https://www.ndk.cz/view/uuid:b798b25a-435d-11dd-b505-00145e5790ea?page=uuid:6ef788be-a6b3-4e16-88a9-1d5241e09dcf
687,1669832,1904,24.0,2.0,https://www.ndk.cz/view/uuid:b798b25b-435d-11dd-b505-00145e5790ea?page=uuid:6877c8e4-c41f-46d4-8b35-827cad5ad9a9
688,1669836,1904,74.0,4.0,https://www.ndk.cz/view/uuid:b79381f0-435d-11dd-b505-00145e5790ea?page=uuid:c9c8d55e-ab41-416c-b3c2-5c3f179f3df8
689,1669839,1904,82.0,3.0,https://www.ndk.cz/view/uuid:b7949368-435d-11dd-b505-00145e5790ea?page=uuid:d961356c-1a7c-4b13-a6e3-90a2b2931056
690,1669840,1904,105.0,2.0,https://www.ndk.cz/view/uuid:b79752a0-435d-11dd-b505-00145e5790ea?page=uuid:00a7891d-5f14-4848-af2c-4dea803868fe
691,1669843,1904,112.0,2.0,https://www.ndk.cz/view/uuid:b7904e4f-435d-11dd-b505-00145e5790ea?page=uuid:44a454f5-5b96-46db-a940-cd6702b9814f
692,1669845,1904,124.0,6.0,https://www.ndk.cz/view/uuid:b790c38b-435d-11dd-b505-00145e5790ea?page=uuid:059e5ad5-5936-4b8f-8c03-fe23b0cf11ba
693,1669847,1904,147.0,6.0,https://www.ndk.cz/view/uuid:b791d512-435d-11dd-b505-00145e5790ea?page=uuid:e870a361-d177-4e65-a967-e66cdfe7956c
694,1669859,1904,236.0,3.0,https://www.ndk.cz/view/uuid:b78b44c9-435d-11dd-b505-00145e5790ea?page=uuid:8a4f05d9-a1ba-4e28-8e3a-58de06e6705d
695,1669861,1904,253.0,3.0,https://www.ndk.cz/view/uuid:b78c082a-435d-11dd-b505-00145e5790ea?page=uuid:6bc39062-36fc-47c5-bda1-ca9bc469756a
696,1674761,1901,259.0,2.0,https://www.ndk.cz/view/uuid:b7b8482d-435d-11dd-b505-00145e5790ea?page=uuid:e3d2a97f-06e9-4f92-9433-002e2f41102f
697,1674761,1901,259.0,2.0,https://www.ndk.cz/view/uuid:b7b8482d-435d-11dd-b505-00145e5790ea?page=uuid:0c24fbdb-f622-4370-955e-825b183b8724
698,1674806,1909,277.0,1.0,https://www.ndk.cz/view/uuid:c0e31561-435d-11dd-b505-00145e5790ea?page=uuid:dd38c503-eda0-49be-a185-3673c980498d
699,1674808,1909,189.0,1.0,https://www.ndk.cz/view/uuid:c0f0f865-435d-11dd-b505-00145e5790ea?page=uuid:13a076b5-814b-4a65-b131-99eb7871320d
700,1674815,1929,496.0,4.0,https://www.ndk.cz/view/uuid:11865080-8cfa-11dc-a077-000d606f5dc6?page=uuid:1671b930-ceb2-44ad-898e-bb44eacc1c73
701,1675081,1919,206.0,2.0,https://www.ndk.cz/view/uuid:262c1db0-61e6-11dc-ba0d-000d606f5dc6?page=uuid:21c18639-9df1-4c09-a7d8-86f4e5262a1b
